symbol,open_time,close_time,open,high,low,close,volume,quote_volume,trade_count,taker_buy_base_volume,taker_buy_quote_volume
BTCUSDT,1785163500000,1785164399999,64476.00000000,64710.00000000,64472.01000000,64687.45000000,267.77876000,17302880.57906940,71471,139.64386000,9023413.08440300
BTCUSDT,1785164400000,1785165299999,64687.45000000,64776.00000000,64579.22000000,64728.87000000,211.16088000,13656456.80516510,64265,83.19458000,5381011.78615790
BTCUSDT,1785165300000,1785166199999,64728.87000000,64774.00000000,64554.51000000,64658.00000000,118.64548000,7670715.36978040,51012,54.41610000,3518002.54999170
BTCUSDT,1785166200000,1785167099999,64658.00000000,64700.00000000,64418.01000000,64580.79000000,191.81385000,12379613.29756580,45492,82.85559000,5346343.36157120
BTCUSDT,1785167100000,1785167999999,64580.80000000,64637.79000000,64534.79000000,64554.01000000,74.66972000,4822708.68881260,32863,35.69585000,2305403.18869890
BTCUSDT,1785168000000,1785168899999,64554.00000000,64683.53000000,64538.54000000,64616.00000000,95.70287000,6182049.64553340,30283,59.22861000,3825865.02740640
BTCUSDT,1785168900000,1785169799999,64616.00000000,64796.00000000,64517.78000000,64734.01000000,176.37759000,11403078.57852840,42100,95.32575000,6163920.63393540
BTCUSDT,1785169800000,1785170699999,64734.00000000,64970.93000000,64734.00000000,64923.77000000,113.42357000,7358802.63878860,40615,71.66916000,4649864.94392560
BTCUSDT,1785170700000,1785171599999,64923.77000000,64949.99000000,64811.28000000,64898.52000000,87.86898000,5701149.38270250,25894,37.80137000,2452652.29541920
BTCUSDT,1785171600000,1785172499999,64898.53000000,64949.22000000,64794.37000000,64897.29000000,100.06495000,6489495.43684030,30823,55.33721000,3588466.73985760
BTCUSDT,1785172500000,1785173399999,64897.29000000,65061.86000000,64884.00000000,65002.55000000,149.59182000,9725454.64079990,30234,66.87241000,4346641.22708790
BTCUSDT,1785173400000,1785174299999,65002.55000000,65090.00000000,64996.00000000,65000.00000000,88.07984000,5729144.20539040,23985,54.75510000,3561504.07787300
BTCUSDT,1785174300000,1785175199999,65000.01000000,65031.81000000,64955.43000000,65019.81000000,66.75546000,4338425.02066990,21095,40.35368000,2622576.66428690
BTCUSDT,1785175200000,1785176099999,65019.81000000,65058.32000000,64962.67000000,64962.67000000,51.34540000,3337957.47162130,22852,18.89302000,1228194.22685230
BTCUSDT,1785176100000,1785176999999,64962.66000000,64962.66000000,64843.32000000,64918.87000000,81.84223000,5310256.85304360,28594,31.39955000,2037156.47653040
BTCUSDT,1785177000000,1785177899999,64918.87000000,64932.89000000,64755.67000000,64837.33000000,118.37073000,7674543.86029210,30126,61.51912000,3987736.45170940
BTCUSDT,1785177900000,1785178799999,64837.33000000,64880.72000000,64763.97000000,64878.00000000,71.70508000,4648349.85086310,22179,34.14615000,2213595.15110850
BTCUSDT,1785178800000,1785179699999,64878.00000000,65026.35000000,64810.90000000,64974.00000000,56.36905000,3659595.43281790,26663,36.09086000,2343123.14725800
BTCUSDT,1785179700000,1785180599999,64974.01000000,65029.30000000,64929.88000000,64996.01000000,80.17271000,5209406.82278790,21282,44.29085000,2877772.81199580
BTCUSDT,1785180600000,1785181499999,64996.01000000,65078.00000000,64972.01000000,64978.00000000,79.86145000,5192657.71833830,22664,39.77275000,2586053.08258120
BTCUSDT,1785181500000,1785182399999,64978.00000000,64984.00000000,64920.50000000,64984.00000000,75.42113000,4899416.98010000,16770,35.89555000,2331758.41659190
BTCUSDT,1785182400000,1785183299999,64983.99000000,65056.00000000,64944.00000000,64956.28000000,46.50783000,3023337.49402530,12733,23.97760000,1558439.70797370
BTCUSDT,1785183300000,1785184199999,64956.27000000,65015.24000000,64908.01000000,65015.24000000,26.55528000,1724907.63105770,9372,11.10673000,721441.31037790
BTCUSDT,1785184200000,1785185099999,65015.24000000,65026.16000000,64950.00000000,64950.02000000,35.16231000,2285077.79864050,10346,11.32523000,735946.44490860
BTCUSDT,1785185100000,1785185999999,64950.01000000,64964.01000000,64908.01000000,64960.65000000,89.47417000,5809484.25444310,8578,15.63926000,1015432.86114400
BTCUSDT,1785186000000,1785186899999,64960.64000000,64960.65000000,64900.00000000,64903.43000000,59.64167000,3872918.57042040,9879,12.53348000,813702.87926780
BTCUSDT,1785186900000,1785187799999,64903.44000000,64903.44000000,64819.16000000,64828.38000000,70.01358000,4541296.67888250,8099,34.29175000,2224072.85211700
BTCUSDT,1785187800000,1785188699999,64828.37000000,64880.00000000,64790.28000000,64819.20000000,57.73121000,3743093.78085830,13460,31.01853000,2011062.40775420
BTCUSDT,1785188700000,1785189599999,64819.21000000,64869.91000000,64800.00000000,64821.25000000,50.68757000,3286196.10494860,17319,26.03212000,1687586.96954180
BTCUSDT,1785189600000,1785190499999,64821.26000000,64821.26000000,64671.07000000,64726.01000000,113.55303000,7348841.66955900,28478,56.38242000,3648835.31932350
BTCUSDT,1785190500000,1785191399999,64726.01000000,64757.93000000,64577.06000000,64602.71000000,94.82950000,6134365.87976790,21542,34.94892000,2260926.25870190
BTCUSDT,1785191400000,1785192299999,64602.70000000,64602.71000000,64150.00000000,64213.99000000,371.10991000,23862399.05366740,48807,131.76831000,8470502.35704050
BTCUSDT,1785192300000,1785193199999,64213.99000000,64225.82000000,63792.00000000,63792.00000000,551.05412000,35266070.43314380,76298,146.60756000,9382607.34608510
BTCUSDT,1785193200000,1785194099999,63792.01000000,63858.97000000,63605.56000000,63800.01000000,460.29236000,29332310.79792240,107383,222.55016000,14182448.25580780
BTCUSDT,1785194100000,1785194999999,63800.01000000,63940.27000000,63726.00000000,63882.56000000,214.36235000,13690520.57852600,43901,138.74136000,8860556.33913180
BTCUSDT,1785195000000,1785195899999,63882.38000000,63922.00000000,63634.00000000,63685.96000000,162.42513000,10358371.49608860,34510,63.99697000,4081549.01999920
BTCUSDT,1785195900000,1785196799999,63685.95000000,63790.00000000,63663.47000000,63755.86000000,110.57211000,7047068.15706270,27460,72.80539000,4639968.65638340
BTCUSDT,1785196800000,1785197699999,63755.86000000,63791.33000000,63500.00000000,63681.99000000,260.55552000,16580941.67146510,51781,107.33738000,6833133.25647440
BTCUSDT,1785197700000,1785198599999,63682.00000000,63827.49000000,63584.00000000,63704.30000000,164.16661000,10457912.09970640,40486,69.80810000,4446994.38992980
BTCUSDT,1785198600000,1785199499999,63704.30000000,63709.66000000,63570.98000000,63610.01000000,97.37051000,6199172.21926230,34131,51.23498000,3261936.85873660
BTCUSDT,1785199500000,1785200399999,63610.00000000,63619.71000000,63469.30000000,63487.88000000,188.95280000,12003383.08979680,43035,74.88042000,4756593.01988590
BTCUSDT,1785200400000,1785201299999,63487.88000000,63529.89000000,63059.39000000,63198.93000000,566.39123000,35820029.96171010,74216,240.44699000,15206797.67919040
BTCUSDT,1785201300000,1785202199999,63198.94000000,63356.85000000,63128.45000000,63315.51000000,388.46039000,24555817.70384840,41036,222.23048000,14048962.84268370
BTCUSDT,1785202200000,1785203099999,63315.51000000,63397.95000000,63180.00000000,63198.00000000,162.38483000,10278773.37392970,27178,79.23578000,5015884.43804390
BTCUSDT,1785203100000,1785203999999,63198.00000000,63316.69000000,63178.00000000,63230.83000000,127.97334000,8091311.56686280,26652,78.28002000,4948976.79669080
BTCUSDT,1785204000000,1785204899999,63230.82000000,63285.02000000,63163.93000000,63267.99000000,131.57977000,8318129.79941640,22077,63.17230000,3993302.40185220
BTCUSDT,1785204900000,1785205799999,63267.98000000,63305.94000000,63204.16000000,63235.97000000,94.95833000,6007275.21967120,18587,51.99048000,3289021.04027430
BTCUSDT,1785205800000,1785206699999,63235.96000000,63245.86000000,63123.00000000,63130.00000000,108.25048000,6840328.35214600,17270,47.77576000,3019199.84463760
BTCUSDT,1785206700000,1785207599999,63130.00000000,63206.44000000,63108.00000000,63185.59000000,94.43036000,5963776.69204830,16844,51.01179000,3221694.86110000
BTCUSDT,1785207600000,1785208499999,63185.59000000,63298.00000000,63168.01000000,63277.08000000,87.02706000,5501651.54680140,20776,47.75164000,3018714.85062050
BTCUSDT,1785208500000,1785209399999,63277.09000000,63346.30000000,63250.00000000,63300.62000000,258.79499000,16383120.77153700,19051,137.57084000,8708120.06840440
BTCUSDT,1785209400000,1785210299999,63300.63000000,63375.39000000,63228.57000000,63356.38000000,266.40643000,16858874.60830550,23175,77.36795000,4897706.93759760
BTCUSDT,1785210300000,1785211199999,63356.39000000,63369.99000000,63284.59000000,63343.83000000,116.27208000,7362595.69485610,19198,67.59435000,4280456.88417970
BTCUSDT,1785211200000,1785212099999,63343.82000000,63354.39000000,63285.01000000,63345.67000000,127.79223000,8093309.35538240,15612,74.04488000,4689430.53769560
BTCUSDT,1785212100000,1785212999999,63345.67000000,63361.85000000,63295.10000000,63295.11000000,103.37053000,6546362.66842880,13764,53.19126000,3368563.29832290
BTCUSDT,1785213000000,1785213899999,63295.10000000,63295.10000000,63221.26000000,63286.08000000,44.50102000,2814695.18797850,12626,17.78128000,1124680.18482190
BTCUSDT,1785213900000,1785214799999,63286.08000000,63354.55000000,63286.03000000,63350.95000000,67.51004000,4274715.68196100,12772,33.51539000,2122345.48289510
BTCUSDT,1785214800000,1785215699999,63350.95000000,63498.60000000,63323.09000000,63450.64000000,94.68383000,6005200.05956570,21214,52.56048000,3333800.44801880
BTCUSDT,1785215700000,1785216599999,63450.65000000,63623.50000000,63450.64000000,63545.26000000,136.74637000,8688421.67431080,23937,91.06696000,5786222.17719750
BTCUSDT,1785216600000,1785217499999,63545.26000000,63545.37000000,63432.38000000,63545.36000000,93.67556000,5947582.29490800,19020,35.15529000,2231920.02675760
BTCUSDT,1785217500000,1785218399999,63545.37000000,63561.03000000,63451.61000000,63451.61000000,65.41263000,4154583.37243350,15314,32.97199000,2094129.59497610
BTCUSDT,1785218400000,1785219299999,63451.62000000,63467.32000000,63395.13000000,63424.22000000,108.17896000,6860868.27853500,16646,56.54857000,3586296.34205030
BTCUSDT,1785219300000,1785220199999,63424.22000000,63526.86000000,63424.21000000,63521.99000000,105.11982000,6672665.30994750,18006,65.84560000,4179228.75520060
BTCUSDT,1785220200000,1785221099999,63522.00000000,63584.01000000,63506.05000000,63580.00000000,76.39278000,4854725.03367790,15594,49.12295000,3121582.17538470
BTCUSDT,1785221100000,1785221999999,63580.00000000,63660.72000000,63545.38000000,63640.63000000,171.03132000,10880275.31703050,15603,144.03715000,9162947.45637100
BTCUSDT,1785222000000,1785222899999,63640.63000000,63668.71000000,63539.55000000,63583.90000000,363.51929000,23115967.96266170,22856,256.39466000,16305181.73604380
BTCUSDT,1785222900000,1785223799999,63583.90000000,63590.00000000,63513.81000000,63575.76000000,267.72600000,17014070.95839390,31054,84.39299000,5362997.19286560
BTCUSDT,1785223800000,1785224699999,63575.76000000,63582.00000000,63488.00000000,63488.00000000,204.64728000,13003294.80841840,30357,126.80212000,8057294.15192960
BTCUSDT,1785224700000,1785225599999,63488.01000000,63528.35000000,63455.58000000,63505.99000000,150.09273000,9530394.02434350,18516,108.40510000,6883278.45885780
BTCUSDT,1785225600000,1785226499999,63506.00000000,63546.36000000,63440.62000000,63440.62000000,88.14409000,5597289.39938240,13278,42.46072000,2696646.08632130
BTCUSDT,1785226500000,1785227399999,63440.62000000,63494.26000000,63433.02000000,63479.99000000,63.68459000,4041912.98054450,19856,30.08974000,1909592.63745560
BTCUSDT,1785227400000,1785228299999,63480.00000000,63518.00000000,63420.00000000,63496.61000000,79.07647000,5019469.52033690,14986,24.88344000,1579315.10514780
BTCUSDT,1785228300000,1785229199999,63496.61000000,63512.00000000,63406.11000000,63428.08000000,50.58251000,3209441.30807450,13612,27.19835000,1725516.98897290
BTCUSDT,1785229200000,1785230099999,63428.07000000,63465.99000000,63396.00000000,63431.98000000,60.94650000,3866386.14391350,13092,22.41260000,1421799.32522370
BTCUSDT,1785230100000,1785230999999,63431.99000000,63499.76000000,63415.65000000,63496.30000000,79.86232000,5069101.44555240,13181,41.32359000,2622903.47919350
BTCUSDT,1785231000000,1785231899999,63496.29000000,63581.33000000,63481.03000000,63518.91000000,88.80366000,5641234.51415040,13713,46.71507000,2967240.76266770
BTCUSDT,1785231900000,1785232799999,63518.91000000,63556.31000000,63368.81000000,63393.99000000,85.82511000,5445916.75901960,13300,42.47379000,2695606.80665190
BTCUSDT,1785232800000,1785233699999,63393.99000000,63410.00000000,63322.00000000,63344.00000000,88.97075000,5636738.89792670,17024,44.86292000,2842007.51265330
BTCUSDT,1785233700000,1785234599999,63344.01000000,63429.83000000,63294.00000000,63386.91000000,115.30509000,7305379.37400180,20156,66.92597000,4240237.17304940
BTCUSDT,1785234600000,1785235499999,63386.91000000,63526.00000000,63370.00000000,63526.00000000,133.05302000,8442400.40586540,21095,85.04795000,5395984.32083290
BTCUSDT,1785235500000,1785236399999,63525.99000000,63555.18000000,63468.00000000,63473.47000000,78.70684000,4999904.19076370,10310,60.53437000,3845643.47664180
BTCUSDT,1785236400000,1785237299999,63473.48000000,63507.25000000,63366.02000000,63366.03000000,92.91166000,5893976.68576920,17371,37.47190000,2376960.88863860
BTCUSDT,1785237300000,1785238199999,63366.02000000,63593.00000000,63352.00000000,63453.29000000,104.90877000,6659313.63633350,27901,57.47753000,3648675.87209390
BTCUSDT,1785238200000,1785239099999,63453.28000000,63584.83000000,63368.00000000,63398.07000000,76.03397000,4825811.94291430,24122,29.93829000,1900640.82392300
BTCUSDT,1785239100000,1785239999999,63398.07000000,63513.88000000,63398.07000000,63450.00000000,131.59889000,8352471.26695550,19256,51.73390000,3283576.11759820
BTCUSDT,1785240000000,1785240899999,63449.99000000,63536.00000000,63430.33000000,63440.01000000,112.82358000,7160577.86742840,19809,68.73465000,4361861.48375850
BTCUSDT,1785240900000,1785241799999,63440.01000000,63512.12000000,63418.52000000,63424.00000000,88.07498000,5588432.20951280,19438,48.07482000,3050378.34696430
BTCUSDT,1785241800000,1785242699999,63424.00000000,63477.31000000,63364.96000000,63477.30000000,131.82623000,8360938.33492040,20287,67.25892000,4266129.11164510
BTCUSDT,1785242700000,1785243599999,63477.31000000,63570.00000000,63434.32000000,63546.65000000,108.25936000,6877667.84402790,22369,64.32189000,4086242.65626990
BTCUSDT,1785243600000,1785244499999,63546.65000000,63588.00000000,63481.29000000,63516.01000000,177.60135000,11282134.43425090,17607,84.47788000,5366035.87498640
BTCUSDT,1785244500000,1785245399999,63516.01000000,63516.01000000,63304.00000000,63310.01000000,222.04729000,14082383.93250510,19783,78.17391000,4955549.02726790
BTCUSDT,1785245400000,1785246299999,63310.00000000,63392.39000000,62890.00000000,62991.28000000,716.14670000,45178783.53708160,117577,236.08050000,14902671.85654170
BTCUSDT,1785246300000,1785247199999,62991.28000000,63120.03000000,62742.47000000,63104.00000000,500.11888000,31476552.10846810,91091,239.81059000,15099425.84726570
BTCUSDT,1785247200000,1785248099999,63104.00000000,63308.00000000,63103.99000000,63153.70000000,195.33853000,12348034.08032980,61158,134.92067000,8528667.78728480
BTCUSDT,1785248100000,1785248999999,63153.70000000,63247.39000000,62965.38000000,63184.91000000,293.73663000,18537471.17274080,67159,121.70858000,7682100.91363030
BTCUSDT,1785249000000,1785249899999,63184.91000000,63424.09000000,63156.00000000,63358.00000000,203.79327000,12899546.38687080,68942,114.93737000,7274989.78720860
BTCUSDT,1785249900000,1785250799999,63358.01000000,63550.00000000,63326.10000000,63412.45000000,176.11745000,11177462.68755030,48736,109.33542000,6939562.91807260
BTCUSDT,1785250800000,1785251699999,63412.45000000,63495.17000000,63269.28000000,63462.26000000,195.43371000,12387462.93830510,60077,89.36851000,5665605.10783140
BTCUSDT,1785251700000,1785252599999,63462.26000000,63986.21000000,63370.00000000,63754.28000000,346.90999000,22112054.48400820,84963,230.81808000,14713892.60845040
BTCUSDT,1785252600000,1785253499999,63754.28000000,63944.00000000,63700.00000000,63873.54000000,181.36877000,11576189.49084140,59124,106.67070000,6808339.30099630
BTCUSDT,1785253500000,1785254399999,63873.55000000,64026.62000000,63798.36000000,63928.47000000,221.40325000,14149144.19706400,51130,137.63519000,8796491.14323070
BTCUSDT,1785254400000,1785255299999,63928.46000000,63936.00000000,63803.94000000,63814.00000000,115.27952000,7362906.27720080,25638,54.73122000,3495515.55158890
BTCUSDT,1785255300000,1785256199999,63814.00000000,63950.00000000,63800.00000000,63842.00000000,95.11206000,6073453.05550070,31994,47.95184000,3061695.29365600
BTCUSDT,1785256200000,1785257099999,63842.01000000,63946.00000000,63773.65000000,63912.00000000,115.39051000,7367397.53704420,34790,54.48058000,3478427.56660720
BTCUSDT,1785257100000,1785257999999,63912.00000000,64100.00000000,63866.18000000,64043.26000000,192.16540000,12302086.02911910,35324,120.52438000,7715426.20220090
BTCUSDT,1785258000000,1785258899999,64043.27000000,64043.27000000,63791.86000000,63804.90000000,98.74276000,6310874.97065950,30132,42.44295000,2712018.54414940
BTCUSDT,1785258900000,1785259799999,63804.90000000,63834.00000000,63694.70000000,63736.01000000,117.50028000,7492845.24114630,35671,57.72837000,3681073.27879380
BTCUSDT,1785259800000,1785260699999,63736.01000000,63736.01000000,63504.00000000,63564.97000000,200.87465000,12773327.90900320,42218,96.21137000,6117670.10916840
BTCUSDT,1785260700000,1785261599999,63564.97000000,63687.19000000,63563.33000000,63685.88000000,110.13107000,7007992.63484300,28730,58.08247000,3696059.95170120
BTCUSDT,1785261600000,1785262499999,63685.88000000,63849.09000000,63680.91000000,63696.00000000,100.59238000,6413437.10284710,33149,54.92170000,3501739.98921110
BTCUSDT,1785262500000,1785263399999,63695.99000000,63741.12000000,63681.30000000,63701.24000000,93.45412000,5953341.65111790,20827,36.33974000,2315028.35106440
BTCUSDT,1785263400000,1785264299999,63701.24000000,63774.62000000,63672.26000000,63760.00000000,54.47270000,3471302.26258020,20923,30.53602000,1945880.35343100
BTCUSDT,1785264300000,1785265199999,63760.00000000,63796.00000000,63694.00000000,63734.49000000,62.99370000,4015912.44497360,16839,31.70318000,2021203.75642220
BTCUSDT,1785265200000,1785266099999,63734.49000000,63860.00000000,63734.49000000,63761.86000000,78.79731000,5027333.85708710,23014,47.44115000,3026413.22160740
BTCUSDT,1785266100000,1785266999999,63761.87000000,63800.00000000,63724.00000000,63754.00000000,52.15960000,3325155.42161280,18277,31.55754000,2011755.76663000
BTCUSDT,1785267000000,1785267899999,63754.01000000,63873.55000000,63688.42000000,63697.99000000,81.35686000,5191363.26011870,28615,31.79007000,2028583.85077190
BTCUSDT,1785267900000,1785268799999,63698.00000000,63904.00000000,63675.93000000,63904.00000000,120.95632000,7716878.25391200,22822,57.66783000,3679937.24179500
BTCUSDT,1785268800000,1785269699999,63904.00000000,63994.48000000,63880.00000000,63989.71000000,164.37805000,10508899.32862030,28451,125.84312000,8044872.50541240
BTCUSDT,1785269700000,1785270599999,63989.70000000,64018.39000000,63898.11000000,63902.86000000,57.20427000,3658383.27348220,18123,23.49281000,1502635.41979630
BTCUSDT,1785270600000,1785271499999,63902.87000000,63939.03000000,63881.68000000,63930.01000000,52.18740000,3335026.45919300,14897,22.57766000,1442854.28658860
BTCUSDT,1785271500000,1785272399999,63930.01000000,63942.97000000,63901.42000000,63917.55000000,26.45147000,1690879.89389780,11117,13.76387000,879822.52121420
BTCUSDT,1785272400000,1785273299999,63917.55000000,63994.29000000,63914.01000000,63924.00000000,46.29961000,2960894.94565870,17799,21.76556000,1391793.90381880
BTCUSDT,1785273300000,1785274199999,63924.01000000,63928.00000000,63892.00000000,63920.00000000,29.26013000,1870111.06099050,8124,13.73660000,877911.61352110
BTCUSDT,1785274200000,1785275099999,63920.00000000,64052.00000000,63904.00000000,64042.89000000,89.99260000,5759578.29960150,21129,62.91214000,4026343.11004880
BTCUSDT,1785275100000,1785275999999,64042.89000000,64073.30000000,63969.45000000,63972.44000000,61.68629000,3949466.03214200,19677,28.97536000,1855216.37173990
BTCUSDT,1785276000000,1785276899999,63972.44000000,64020.76000000,63906.50000000,63991.17000000,77.97974000,4988800.76930040,25515,34.95077000,2235765.69742040
BTCUSDT,1785276900000,1785277799999,63991.18000000,64020.76000000,63918.00000000,63918.01000000,47.65921000,3049257.60380500,18804,25.68882000,1643716.45152330
BTCUSDT,1785277800000,1785278699999,63918.00000000,63918.00000000,63862.39000000,63881.99000000,107.03613000,6838000.40329200,20140,44.99507000,2874279.94718980
BTCUSDT,1785278700000,1785279599999,63881.99000000,63881.99000000,63768.47000000,63783.71000000,86.99511000,5551131.68178300,23277,39.45599000,2517427.51742570
BTCUSDT,1785279600000,1785280499999,63783.72000000,63790.00000000,63602.52000000,63628.00000000,78.18940000,4978948.73995630,26587,26.01172000,1656212.94409000
BTCUSDT,1785280500000,1785281399999,63627.99000000,63665.38000000,63562.00000000,63638.57000000,99.55311000,6333068.62139350,22898,50.94314000,3240457.70771850
BTCUSDT,1785281400000,1785282299999,63638.58000000,63846.00000000,63638.58000000,63845.95000000,361.50473000,23060930.82063060,28584,167.78724000,10702106.86414910
BTCUSDT,1785282300000,1785283199999,63845.95000000,63956.40000000,63820.21000000,63915.00000000,229.68414000,14680708.11436040,25971,119.61428000,7644890.62995870
BTCUSDT,1785283200000,1785284099999,63915.00000000,64200.00000000,63914.99000000,64018.01000000,417.49780000,26729194.74292690,43342,327.65003000,20973510.58081230
BTCUSDT,1785284100000,1785284999999,64018.01000000,64092.00000000,63950.18000000,64012.00000000,176.47332000,11294630.13949610,27788,114.04295000,7298322.75453270
BTCUSDT,1785285000000,1785285899999,64012.00000000,64096.00000000,63873.54000000,64084.01000000,195.03769000,12479516.43636640,35987,77.61383000,4966257.19319640
BTCUSDT,1785285900000,1785286799999,64084.01000000,64188.75000000,63928.44000000,63953.99000000,73.00123000,4676391.19674250,31893,38.18650000,2446644.24009640
BTCUSDT,1785286800000,1785287699999,63954.00000000,63999.00000000,63798.62000000,63815.97000000,87.99138000,5623318.32367930,33333,36.73728000,2347771.25811440
BTCUSDT,1785287700000,1785288599999,63815.98000000,63946.00000000,63776.34000000,63909.99000000,155.82862000,9956141.62792960,35862,84.15782000,5376757.60833360
BTCUSDT,1785288600000,1785289499999,63909.99000000,63939.37000000,63795.25000000,63811.36000000,304.36957000,19442523.11416090,38573,180.65857000,11540491.62075960
BTCUSDT,1785289500000,1785290399999,63811.36000000,63832.27000000,63690.00000000,63705.06000000,95.55172000,6092136.69293550,36949,52.87125000,3370944.43413750
BTCUSDT,1785290400000,1785291299999,63705.07000000,63873.55000000,63658.00000000,63832.47000000,105.15273000,6706143.54628470,37674,62.65280000,3995671.81739790
BTCUSDT,1785291300000,1785292199999,63832.46000000,64023.74000000,63686.76000000,64023.74000000,120.71154000,7709118.22859940,41962,71.54830000,4570248.96440340
BTCUSDT,1785292200000,1785293099999,64023.73000000,64132.42000000,63954.00000000,64030.01000000,127.63031000,8172543.66226570,32455,72.18287000,4621715.98256280
BTCUSDT,1785293100000,1785293999999,64030.00000000,64044.00000000,63911.92000000,63979.96000000,106.25645000,6797633.26702590,24689,38.03454000,2432826.68999530
BTCUSDT,1785294000000,1785294899999,63979.96000000,64002.00000000,63856.54000000,63938.01000000,56.40436000,3606264.35248150,25935,26.20413000,1675164.30040630
BTCUSDT,1785294900000,1785295799999,63938.00000000,63970.00000000,63786.78000000,63798.00000000,82.23295000,5253719.02280800,25561,33.37330000,2132464.10990810
BTCUSDT,1785295800000,1785296699999,63797.99000000,63870.00000000,63710.00000000,63775.53000000,125.83263000,8023920.20200160,34785,66.88864000,4265063.67880920
BTCUSDT,1785296700000,1785297599999,63775.53000000,63800.00000000,63718.00000000,63753.03000000,117.07195000,7462326.37290120,23752,76.55355000,4879471.76814950
BTCUSDT,1785297600000,1785298499999,63753.04000000,63771.90000000,63598.00000000,63742.00000000,114.50041000,7294337.80051710,36061,50.96052000,3246375.66591010
BTCUSDT,1785298500000,1785299399999,63741.99000000,63834.51000000,63633.65000000,63808.00000000,146.76984000,9357287.50228920,33432,94.28689000,6013460.79957270
BTCUSDT,1785299400000,1785300299999,63807.99000000,63956.15000000,63779.44000000,63866.74000000,79.02243000,5046115.10835490,29969,47.33747000,3022606.85496620
BTCUSDT,1785300300000,1785301199999,63866.74000000,63970.92000000,63846.10000000,63968.34000000,295.19328000,18859212.87393010,33196,142.09029000,9076987.36881600
BTCUSDT,1785301200000,1785302099999,63968.34000000,64020.00000000,63932.29000000,63996.29000000,190.33803000,12177235.25416130,25418,87.64033000,5606766.44937720
BTCUSDT,1785302100000,1785302999999,63996.29000000,63997.29000000,63890.07000000,63950.01000000,258.61717000,16534700.70128110,28638,120.00779000,7671704.18414290
BTCUSDT,1785303000000,1785303899999,63950.00000000,64045.04000000,63919.42000000,64018.00000000,80.04324000,5123411.13974330,26698,41.80860000,2675887.70068040
BTCUSDT,1785303900000,1785304799999,64018.01000000,64094.20000000,64006.28000000,64067.32000000,83.17319000,5327602.72999220,23485,50.58133000,3239896.92844670
BTCUSDT,1785304800000,1785305699999,64067.32000000,64148.69000000,64026.64000000,64123.70000000,250.68125000,16062545.84036980,24894,85.18340000,5457991.37298400
BTCUSDT,1785305700000,1785306599999,64123.70000000,64409.97000000,64096.01000000,64403.00000000,190.15772000,12219865.17243320,37466,132.69087000,8526790.61179730
BTCUSDT,1785306600000,1785307499999,64403.00000000,64471.00000000,64386.01000000,64462.99000000,406.18628000,26169700.85287060,39059,290.06752000,18688205.85176960
BTCUSDT,1785307500000,1785308399999,64463.00000000,64463.00000000,64400.00000000,64435.62000000,112.59558000,7254760.91289340,25108,55.96167000,3605843.66988310
BTCUSDT,1785308400000,1785309299999,64435.63000000,64494.92000000,64402.67000000,64466.00000000,105.31217000,6787751.82469280,19437,67.82670000,4371687.98421520
BTCUSDT,1785309300000,1785310199999,64466.01000000,64508.00000000,64432.17000000,64507.98000000,121.94751000,7861717.20453570,20717,62.49882000,4029458.73383400
BTCUSDT,1785310200000,1785311099999,64507.98000000,64518.00000000,64441.31000000,64498.00000000,116.98444000,7542455.47846460,15524,59.03208000,3805757.57396270
BTCUSDT,1785311100000,1785311999999,64497.99000000,64575.99000000,64460.01000000,64561.00000000,168.06689000,10840707.68147290,21230,83.31881000,5374358.76235980
BTCUSDT,1785312000000,1785312899999,64561.01000000,64588.00000000,64359.35000000,64376.00000000,176.86357000,11400529.30238350,22493,67.24792000,4335002.13776730
BTCUSDT,1785312900000,1785313799999,64376.00000000,64403.71000000,64283.83000000,64301.99000000,102.23753000,6579064.06700210,16397,49.49325000,3185572.19858400
BTCUSDT,1785313800000,1785314699999,64301.99000000,64433.88000000,64284.03000000,64433.87000000,69.57982000,4477127.50538430,14522,44.84021000,2885193.64507160
BTCUSDT,1785314700000,1785315599999,64433.88000000,64523.68000000,64398.88000000,64417.31000000,94.20589000,6071912.31282840,20899,45.09591000,2906359.74611600
BTCUSDT,1785315600000,1785316499999,64417.31000000,64464.00000000,64386.94000000,64452.00000000,116.73569000,7522806.00197140,14792,71.75140000,4623748.37471560
BTCUSDT,1785316500000,1785317399999,64452.00000000,64478.60000000,64430.00000000,64461.82000000,92.77188000,5980081.21565330,15376,47.19446000,3042133.17590820
BTCUSDT,1785317400000,1785318299999,64461.81000000,64700.00000000,64461.81000000,64605.99000000,242.98268000,15694373.59146850,37034,159.76928000,10319731.57279780
BTCUSDT,1785318300000,1785319199999,64605.99000000,64744.81000000,64517.15000000,64698.00000000,237.44281000,15347222.93382950,30994,147.77875000,9552339.13168340
BTCUSDT,1785319200000,1785320099999,64698.01000000,64718.00000000,64626.05000000,64663.99000000,120.49109000,7792576.26645100,19607,48.86687000,3160525.67661310
BTCUSDT,1785320100000,1785320999999,64663.99000000,64700.00000000,64609.02000000,64623.59000000,55.64736000,3598236.89927590,14802,27.38357000,1770787.89800420
BTCUSDT,1785321000000,1785321899999,64623.59000000,64680.57000000,64567.56000000,64670.00000000,62.46616000,4036578.30487300,14226,30.30511000,1958414.29837830
BTCUSDT,1785321900000,1785322799999,64670.00000000,64670.00000000,64410.24000000,64469.83000000,98.85934000,6376123.68424610,23102,37.75387000,2434243.31263540
BTCUSDT,1785322800000,1785323699999,64469.84000000,64546.00000000,64440.00000000,64521.95000000,85.18689000,5493758.23344630,17894,44.33402000,2859024.17447990
BTCUSDT,1785323700000,1785324599999,64521.94000000,64591.73000000,64476.58000000,64492.48000000,97.11390000,6266130.88188480,17076,62.52145000,4033947.65984730
BTCUSDT,1785324600000,1785325499999,64492.47000000,64496.00000000,64422.50000000,64422.50000000,73.50281000,4736963.75687770,13453,34.80454000,2242853.51623220
BTCUSDT,1785325500000,1785326399999,64422.51000000,64507.54000000,64422.50000000,64507.54000000,61.97228000,3995676.53686360,11072,35.89824000,2314346.25222900
BTCUSDT,1785326400000,1785327299999,64507.53000000,64507.54000000,64433.87000000,64456.01000000,90.05018000,5805252.89491510,19225,48.58945000,3132277.92485690
BTCUSDT,1785327300000,1785328199999,64456.00000000,64456.00000000,64276.73000000,64342.02000000,146.90228000,9453590.70416510,36518,57.80969000,3719544.93407870
BTCUSDT,1785328200000,1785329099999,64342.01000000,64386.40000000,64282.01000000,64333.58000000,96.90716000,6233915.02769900,24599,36.66127000,2358350.13580660
BTCUSDT,1785329100000,1785329999999,64333.59000000,64341.00000000,64215.93000000,64276.81000000,141.65618000,9109472.50785060,24668,39.30481000,2527139.38462950
BTCUSDT,1785330000000,1785330899999,64276.82000000,64330.62000000,64224.59000000,64330.39000000,122.55092000,7877239.35627500,25982,57.66442000,3706421.24261450
BTCUSDT,1785330900000,1785331799999,64330.38000000,64334.00000000,64139.68000000,64205.38000000,113.55255000,7290757.34203250,35601,42.87840000,2752689.35232230
BTCUSDT,1785331800000,1785332699999,64205.39000000,64499.00000000,64148.07000000,64478.51000000,270.77193000,17414625.54557040,90379,148.10707000,9526077.67191470
BTCUSDT,1785332700000,1785333599999,64478.51000000,64667.18000000,64316.11000000,64664.70000000,288.69430000,18620518.54334170,82094,158.60958000,10232910.04848590
BTCUSDT,1785333600000,1785334499999,64664.69000000,64718.87000000,64240.90000000,64264.00000000,213.12715000,13749686.00264650,80771,84.57901000,5458349.36907280
BTCUSDT,1785334500000,1785335399999,64264.00000000,64402.00000000,64121.00000000,64198.96000000,188.12095000,12091403.28600800,70849,87.99175000,5657110.99981160
BTCUSDT,1785335400000,1785336299999,64198.96000000,64313.99000000,64049.55000000,64099.99000000,197.19420000,12651888.46197380,63184,89.57155000,5747658.94447540
BTCUSDT,1785336300000,1785337199999,64099.99000000,64259.98000000,64047.71000000,64108.01000000,138.06475000,8856399.10912570,56491,63.64821000,4083564.17598080
BTCUSDT,1785337200000,1785338099999,64108.01000000,64195.00000000,64062.00000000,64136.00000000,135.35717000,8681449.76506550,52747,71.32035000,4574350.28038560
BTCUSDT,1785338100000,1785338999999,64135.99000000,64158.00000000,63961.96000000,64093.49000000,210.73001000,13497205.24827510,54606,85.66916000,5486287.67863820
BTCUSDT,1785339000000,1785339899999,64093.49000000,64178.39000000,63971.78000000,63986.01000000,194.98177000,12491153.23366480,49314,95.83235000,6140061.37771650
BTCUSDT,1785339900000,1785340799999,63986.00000000,64048.19000000,63886.00000000,63964.01000000,186.63489000,11939147.87978310,46608,79.83222000,5106633.66314860
BTCUSDT,1785340800000,1785341699999,63964.01000000,64006.00000000,63900.00000000,63949.62000000,149.26926000,9545705.60292710,42344,86.46884000,5529206.55971290
BTCUSDT,1785341700000,1785342599999,63949.62000000,64146.53000000,63925.00000000,64026.01000000,154.05264000,9864380.32000860,42591,98.15739000,6285099.85427400
BTCUSDT,1785342600000,1785343499999,64026.00000000,64078.00000000,63624.15000000,63695.10000000,207.82122000,13262393.66513900,50210,76.79580000,4902345.22975010
BTCUSDT,1785343500000,1785344399999,63695.09000000,63834.00000000,63654.94000000,63808.33000000,246.88556000,15738956.96054140,47670,151.01178000,9626260.44572400
BTCUSDT,1785344400000,1785345299999,63808.33000000,63873.55000000,63709.19000000,63873.54000000,132.91954000,8479908.25520990,42662,87.62297000,5590167.88653800
BTCUSDT,1785345300000,1785346199999,63873.55000000,63873.55000000,63750.00000000,63756.17000000,99.59170000,6353996.51086910,31279,60.28645000,3846141.20900720
BTCUSDT,1785346200000,1785347099999,63756.17000000,63978.44000000,63731.01000000,63966.53000000,103.51923000,6612472.82265920,31871,70.66091000,4513519.49317080
BTCUSDT,1785347100000,1785347999999,63966.54000000,64286.71000000,63934.00000000,64269.83000000,150.10461000,9623494.63836040,41281,98.46567000,6312683.77932670
BTCUSDT,1785348000000,1785348899999,64269.83000000,64648.79000000,64256.00000000,64336.00000000,637.18513000,41094007.18657220,99591,352.25673000,22716057.81167360
BTCUSDT,1785348900000,1785349799999,64336.00000000,64393.54000000,63992.00000000,64098.00000000,236.17143000,15154773.61317970,59954,117.19154000,7519553.23580750
BTCUSDT,1785349800000,1785350699999,64098.00000000,64452.00000000,63758.00000000,64408.01000000,550.22956000,35270333.35384750,115425,267.89947000,17176564.91111350
BTCUSDT,1785350700000,1785351599999,64408.00000000,64637.03000000,64350.00000000,64501.52000000,473.12022000,30512800.84476760,77514,232.96025000,15021235.11158940
BTCUSDT,1785351600000,1785352499999,64501.52000000,64600.00000000,64180.38000000,64284.00000000,415.29377000,26733394.42383280,73023,216.48134000,13935017.74212020
BTCUSDT,1785352500000,1785353399999,64284.00000000,64420.00000000,63964.00000000,64033.77000000,332.54193000,21346595.05855460,73667,166.85847000,10712538.95612520
BTCUSDT,1785353400000,1785354299999,64033.77000000,64117.09000000,63850.00000000,63876.00000000,273.59303000,17496589.09725270,70877,146.18964000,9349334.66215920
BTCUSDT,1785354300000,1785355199999,63875.99000000,63902.00000000,63511.00000000,63589.46000000,431.62218000,27477256.86314540,88566,213.49477000,13591341.24555560
BTCUSDT,1785355200000,1785356099999,63589.46000000,63642.00000000,63378.09000000,63611.28000000,347.45747000,22067381.46683180,81636,175.68215000,11158524.75452850
BTCUSDT,1785356100000,1785356999999,63611.28000000,63718.89000000,63407.99000000,63530.52000000,163.88965000,10425658.79226980,40934,100.36247000,6385300.66149360
BTCUSDT,1785357000000,1785357899999,63530.52000000,63746.42000000,63506.00000000,63590.90000000,139.98947000,8906366.42304080,39064,92.70843000,5898477.05309710
BTCUSDT,1785357900000,1785358799999,63590.90000000,63618.58000000,63472.76000000,63522.01000000,137.25580000,8721650.57979510,29953,90.12982000,5727189.37047020
BTCUSDT,1785358800000,1785359699999,63522.01000000,63527.94000000,63267.34000000,63494.01000000,247.99655000,15721320.14624940,48624,119.28862000,7561940.32440070
BTCUSDT,1785359700000,1785360599999,63494.00000000,63575.60000000,63377.45000000,63575.59000000,159.54449000,10127370.28329830,29973,99.93926000,6344266.71103880
BTCUSDT,1785360600000,1785361499999,63575.58000000,63641.25000000,63547.54000000,63560.75000000,162.36845000,10324916.60649470,32835,89.43159000,5686427.70804570
BTCUSDT,1785361500000,1785362399999,63560.76000000,63860.00000000,63535.24000000,63860.00000000,201.11494000,12811694.35641860,37164,115.69484000,7368879.12261170
BTCUSDT,1785362400000,1785363299999,63860.00000000,64111.76000000,63859.99000000,64018.45000000,318.82210000,20400040.98307660,56286,192.26591000,12302058.63437910
BTCUSDT,1785363300000,1785364199999,64018.45000000,64131.44000000,63978.61000000,64045.86000000,210.97735000,13513327.37086770,30275,129.50746000,8294971.87412500
BTCUSDT,1785364200000,1785365099999,64045.86000000,64055.88000000,63927.89000000,64015.37000000,113.32651000,7249917.67561400,23250,67.25624000,4302415.97293860
BTCUSDT,1785365100000,1785365999999,64015.37000000,64027.81000000,63910.52000000,63942.50000000,61.58291000,3937781.00766500,11129,14.37056000,918900.94972860
BTCUSDT,1785366000000,1785366899999,63942.50000000,63988.40000000,63899.00000000,63922.34000000,74.19316000,4742869.52581500,19031,37.12043000,2372835.03325790
BTCUSDT,1785366900000,1785367799999,63922.35000000,64067.12000000,63918.22000000,64005.07000000,81.94155000,5244269.63021260,18868,45.13217000,2888107.48680440
BTCUSDT,1785367800000,1785368699999,64005.08000000,64032.72000000,63929.09000000,64001.74000000,101.09164000,6466966.52058350,17737,42.74939000,2734801.31469940
BTCUSDT,1785368700000,1785369599999,64001.74000000,64060.00000000,63948.38000000,63984.28000000,74.65630000,4778521.65539930,21763,43.41868000,2779074.20734740
BTCUSDT,1785369600000,1785370499999,63984.29000000,64100.24000000,63983.00000000,64032.95000000,153.88447000,9853217.33598770,29495,107.47989000,6881948.94921340
BTCUSDT,1785370500000,1785371399999,64032.95000000,64125.61000000,63959.01000000,64006.01000000,212.51805000,13612932.88786480,25538,142.70758000,9142485.10321970
BTCUSDT,1785371400000,1785372299999,64006.00000000,64008.48000000,63694.00000000,63694.01000000,162.44576000,10369268.54465250,28114,67.17671000,4287299.90388720
BTCUSDT,1785372300000,1785373199999,63694.00000000,63750.00000000,63603.92000000,63696.72000000,121.09941000,7711234.91296220,25153,57.63935000,3670588.03770520
BTCUSDT,1785373200000,1785374099999,63696.73000000,63883.23000000,63691.90000000,63706.01000000,116.20422000,7411313.20896170,34345,68.40219000,4362248.55143250
BTCUSDT,1785374100000,1785374999999,63706.00000000,63839.53000000,63690.00000000,63834.00000000,153.18598000,9769952.31956430,26415,73.30861000,4674847.14190280
BTCUSDT,1785375000000,1785375899999,63834.00000000,64069.59000000,63833.99000000,64059.71000000,173.37934000,11093195.93069700,33848,120.64015000,7718744.91053340
BTCUSDT,1785375900000,1785376799999,64059.72000000,64370.00000000,64039.93000000,64266.00000000,243.30331000,15627162.71074080,45239,164.50128000,10565526.70399360
BTCUSDT,1785376800000,1785377699999,64266.01000000,64390.13000000,64237.63000000,64330.32000000,138.87235000,8931013.37240620,37386,57.57684000,3702944.59860020
BTCUSDT,1785377700000,1785378599999,64330.31000000,64411.76000000,64301.91000000,64354.01000000,177.71168000,11435415.48924230,30349,118.94857000,7653811.53612740
BTCUSDT,1785378600000,1785379499999,64354.01000000,64354.01000000,64218.00000000,64320.00000000,84.90417000,5457158.83547290,28537,28.48280000,1830488.68379440
BTCUSDT,1785379500000,1785380399999,64320.00000000,64320.00000000,64159.63000000,64189.99000000,173.68520000,11159257.10017870,26053,43.45275000,2792069.81524700
BTCUSDT,1785380400000,1785381299999,64190.00000000,64268.00000000,64133.99000000,64200.00000000,137.83228000,8845384.31758370,24767,97.83285000,6278128.56016770
BTCUSDT,1785381300000,1785382199999,64200.00000000,64300.91000000,64190.53000000,64267.98000000,126.63356000,8133550.30018490,29413,50.06226000,3215492.16005490
BTCUSDT,1785382200000,1785383099999,64267.99000000,64267.99000000,64140.50000000,64160.00000000,84.15160000,5400520.20186960,25954,37.51973000,2407450.64149460
BTCUSDT,1785383100000,1785383999999,64159.99000000,64222.00000000,64159.99000000,64161.98000000,74.20896000,4763584.81876770,20042,42.60105000,2734475.95214660
BTCUSDT,1785384000000,1785384899999,64161.98000000,64180.00000000,64107.33000000,64145.01000000,220.74849000,14157325.90569210,19888,124.76513000,8001204.86244200
BTCUSDT,1785384900000,1785385799999,64145.00000000,64145.01000000,64089.99000000,64090.00000000,263.08957000,16865625.16784780,22542,102.83619000,6591895.32102510
BTCUSDT,1785385800000,1785386699999,64089.99000000,64160.10000000,64064.02000000,64110.01000000,313.05454000,20065990.25563980,27771,246.39330000,15792999.87053440
BTCUSDT,1785386700000,1785387599999,64110.00000000,64150.00000000,64008.50000000,64023.99000000,130.56613000,8368315.37287890,28852,41.31798000,2648073.64595940
BTCUSDT,1785387600000,1785388499999,64024.00000000,64037.99000000,63941.13000000,63973.00000000,312.12233000,19971977.99904950,33927,88.97646000,5692613.37144650
BTCUSDT,1785388500000,1785389399999,63972.99000000,64016.00000000,63907.85000000,64013.06000000,228.95006000,14643484.42073320,35227,142.14638000,9091551.52010060
BTCUSDT,1785389400000,1785390299999,64013.06000000,64182.00000000,63996.54000000,64122.38000000,109.35419000,7009183.42186910,41175,60.26663000,3862856.52566790
BTCUSDT,1785390300000,1785391199999,64122.39000000,64156.00000000,63993.20000000,64033.89000000,115.69675000,7412800.10435030,35549,53.68290000,3439557.81410190
BTCUSDT,1785391200000,1785392099999,64033.90000000,64076.00000000,63982.68000000,64000.00000000,115.74204000,7410538.40308420,45206,62.59252000,4007675.96840710
BTCUSDT,1785392100000,1785392999999,64000.01000000,64078.00000000,63966.95000000,64078.00000000,105.96701000,6783744.06419050,46980,61.23252000,3920105.09233260
BTCUSDT,1785393000000,1785393899999,64078.00000000,64080.00000000,63972.00000000,64007.41000000,107.62285000,6889343.42429160,43300,49.79627000,3187629.69530980
BTCUSDT,1785393900000,1785394799999,64007.40000000,64018.00000000,63957.20000000,64002.00000000,313.66676000,20070744.94473100,43549,196.39665000,12566324.12806920
BTCUSDT,1785394800000,1785395699999,64001.99000000,64144.00000000,64001.99000000,64057.83000000,101.58479000,6509396.11009280,47058,57.13909000,3661264.95640600
BTCUSDT,1785395700000,1785396599999,64057.83000000,64144.06000000,63993.25000000,64062.01000000,114.95472000,7365827.88024130,50408,60.53734000,3878863.86701880
BTCUSDT,1785396600000,1785397499999,64062.01000000,64066.01000000,63943.29000000,64041.50000000,259.51902000,16607002.54612080,51016,180.15695000,11527250.85628270
BTCUSDT,1785397500000,1785398399999,64041.50000000,64041.50000000,63984.00000000,64026.00000000,233.98989000,14977153.30739050,40927,129.01124000,8257312.21175050
BTCUSDT,1785398400000,1785399299999,64026.00000000,64066.00000000,63982.00000000,64003.99000000,286.79606000,18361499.70088600,67745,97.63685000,6250821.49899650
BTCUSDT,1785399300000,1785400199999,64003.99000000,64343.46000000,63980.54000000,64268.00000000,246.29369000,15797530.72361430,92363,135.02538000,8661327.60875540
BTCUSDT,1785400200000,1785401099999,64268.00000000,64348.00000000,64234.00000000,64348.00000000,254.26804000,16346165.18001690,86032,109.30563000,7027113.59531290
BTCUSDT,1785401100000,1785401999999,64347.99000000,64358.99000000,64290.56000000,64308.01000000,355.85647000,22887847.55573780,102197,154.85886000,9960410.97439100
BTCUSDT,1785402000000,1785402899999,64308.01000000,64415.40000000,64283.80000000,64410.51000000,881.83480000,56726275.68001930,207527,407.92158000,26240167.65830590
BTCUSDT,1785402900000,1785403799999,64410.52000000,64525.99000000,64390.99000000,64496.01000000,428.78456000,27638218.95832520,103286,218.44237000,14080404.46139570
BTCUSDT,1785403800000,1785404699999,64496.02000000,64641.37000000,64496.01000000,64589.99000000,578.15248000,37336074.98470340,126953,312.23903000,20163614.30453900
BTCUSDT,1785404700000,1785405599999,64589.99000000,64639.07000000,64567.55000000,64567.56000000,671.37639000,43371243.67168670,99502,298.56227000,19287160.39474590
BTCUSDT,1785405600000,1785406499999,64567.55000000,64625.00000000,64562.00000000,64568.52000000,111.56722000,7206361.35656770,14109,39.85484000,2574428.75079040
BTCUSDT,1785406500000,1785407399999,64568.52000000,64631.71000000,64568.51000000,64624.01000000,120.01995000,7754156.09196240,10485,78.30227000,5058708.10174760
BTCUSDT,1785407400000,1785408299999,64624.01000000,64631.99000000,64569.95000000,64610.01000000,139.59620000,9017628.58791310,12217,50.45814000,3259310.08708190
BTCUSDT,1785408300000,1785409199999,64610.00000000,64621.07000000,64570.72000000,64570.72000000,87.86125000,5674535.28984220,7517,29.42094000,1900239.75415640
BTCUSDT,1785409200000,1785410099999,64570.72000000,64625.00000000,64542.73000000,64605.93000000,148.04086000,9560895.22298200,13355,81.68000000,5274891.18280700
BTCUSDT,1785410100000,1785410999999,64605.92000000,64666.00000000,64566.00000000,64576.01000000,114.20136000,7379828.92290320,12994,72.04283000,4655325.48765230
BTCUSDT,1785411000000,1785411899999,64576.01000000,64710.80000000,64547.69000000,64664.32000000,140.25656000,9067385.02317070,17211,78.65311000,5084584.25252520
BTCUSDT,1785411900000,1785412799999,64664.32000000,64885.18000000,64654.00000000,64788.00000000,227.88986000,14766702.23044380,27148,145.95023000,9456130.51888480
BTCUSDT,1785412800000,1785413699999,64788.01000000,65027.25000000,64788.00000000,64984.98000000,309.42919000,20090068.48114020,29703,232.16033000,15075448.99180730
BTCUSDT,1785413700000,1785414599999,64984.97000000,65043.94000000,64864.00000000,64885.37000000,232.11325000,15077045.09338200,25745,130.49423000,8477858.27864810
BTCUSDT,1785414600000,1785415499999,64885.37000000,64948.44000000,64837.56000000,64838.01000000,183.07062000,11879563.79314100,32612,119.75630000,7771179.74759250
BTCUSDT,1785415500000,1785416399999,64838.01000000,64941.32000000,64838.00000000,64925.00000000,95.00899000,6165006.15602330,17146,54.60877000,3543242.65930470
BTCUSDT,1785416400000,1785417299999,64925.00000000,64958.23000000,64815.70000000,64839.27000000,119.12300000,7730181.78818400,22328,57.23039000,3714145.02657550
BTCUSDT,1785417300000,1785418199999,64839.26000000,64878.51000000,64819.16000000,64830.00000000,97.88265000,6347019.27425200,12717,54.65021000,3543830.36907960
BTCUSDT,1785418200000,1785419099999,64829.99000000,65024.12000000,64689.02000000,65013.86000000,382.13216000,24766855.72139030,64401,251.31252000,16288793.76423060
BTCUSDT,1785419100000,1785419999999,65013.86000000,65176.60000000,64993.63000000,65022.01000000,574.05955000,37349306.64573300,64594,290.08231000,18875329.88955840
BTCUSDT,1785420000000,1785420899999,65022.00000000,65042.00000000,64717.83000000,64733.99000000,326.48929000,21190266.27424180,49155,140.77185000,9134455.20286100
BTCUSDT,1785420900000,1785421799999,64733.99000000,64854.00000000,64620.00000000,64780.01000000,395.77470000,25619887.79555060,48274,132.51675000,8579708.22424410
BTCUSDT,1785421800000,1785422699999,64780.01000000,64861.98000000,64734.10000000,64806.32000000,176.49957000,11438362.23648380,29833,67.56238000,4378296.57084980
BTCUSDT,1785422700000,1785423599999,64806.31000000,64845.99000000,64636.37000000,64683.97000000,167.03366000,10815209.19799700,37989,73.27638000,4744629.99069980
BTCUSDT,1785423600000,1785424499999,64683.97000000,64829.85000000,64607.31000000,64726.09000000,179.22982000,11599949.22955610,43737,116.63013000,7549030.70841570
BTCUSDT,1785424500000,1785425399999,64726.09000000,64888.00000000,64684.00000000,64686.21000000,214.34658000,13884005.86837560,37292,117.72607000,7626938.00942760
BTCUSDT,1785425400000,1785426299999,64686.21000000,64780.00000000,64640.31000000,64768.00000000,150.88608000,9761455.77320450,31424,89.03144000,5759818.00642490
BTCUSDT,1785426300000,1785427199999,64768.01000000,64798.00000000,64700.65000000,64730.30000000,134.05287000,8676863.23578460,21717,76.49844000,4951420.29282570
BTCUSDT,1785427200000,1785428099999,64730.29000000,64963.64000000,64729.56000000,64935.68000000,227.60498000,14758447.91953690,28683,167.18719000,10840762.47937210
BTCUSDT,1785428100000,1785428999999,64935.68000000,64950.00000000,64846.00000000,64885.39000000,137.53774000,8925431.39967790,22590,64.38466000,4177616.33289260
BTCUSDT,1785429000000,1785429899999,64885.40000000,64898.00000000,64770.00000000,64776.75000000,172.53435000,11184978.08517080,27225,121.79628000,7894946.17816800
BTCUSDT,1785429900000,1785430799999,64776.74000000,64850.53000000,64776.31000000,64818.01000000,77.56877000,5027226.84752300,15166,55.29005000,3583232.85714170
BTCUSDT,1785430800000,1785431699999,64818.01000000,64867.00000000,64772.00000000,64804.62000000,149.70527000,9703128.15423430,22831,104.42418000,6767814.67907430
BTCUSDT,1785431700000,1785432599999,64804.62000000,64962.83000000,64792.00000000,64944.96000000,112.89895000,7328144.17680920,22835,76.94999000,4994120.76821870
BTCUSDT,1785432600000,1785433499999,64944.96000000,64988.00000000,64819.16000000,64949.65000000,135.80582000,8814330.49736000,23403,65.48043000,4249820.56182770
BTCUSDT,1785433500000,1785434399999,64949.65000000,64950.03000000,64858.01000000,64872.00000000,54.05766000,3508625.49770840,14896,25.82625000,1676086.16460870
BTCUSDT,1785434400000,1785435299999,64871.99000000,64899.80000000,64820.01000000,64820.46000000,59.31564000,3847141.86410970,14948,28.67839000,1859961.15893440
BTCUSDT,1785435300000,1785436199999,64820.46000000,64820.47000000,64750.65000000,64799.03000000,76.99013000,4988032.88447720,15029,25.11812000,1627279.53096130
BTCUSDT,1785436200000,1785437099999,64799.02000000,64819.55000000,64714.09000000,64732.00000000,76.14541000,4931236.71233020,12484,32.55187000,2108306.48355950
BTCUSDT,1785437100000,1785437999999,64731.99000000,64732.00000000,64688.00000000,64702.80000000,51.53702000,3334834.59182100,9694,20.07676000,1299126.63217100
BTCUSDT,1785438000000,1785438899999,64702.80000000,64864.50000000,64702.79000000,64836.00000000,91.44022000,5925523.94182030,18298,54.62282000,3539727.17428460
BTCUSDT,1785438900000,1785439799999,64836.00000000,64904.00000000,64806.00000000,64888.50000000,83.41711000,5410255.34927940,18998,50.13811000,3251787.04445170
BTCUSDT,1785439800000,1785440699999,64888.50000000,64888.50000000,64826.25000000,64838.00000000,64.85429000,4205888.74029700,13237,32.36502000,2098755.44848110
BTCUSDT,1785440700000,1785441599999,64837.99000000,64862.00000000,64782.00000000,64800.00000000,117.17674000,7594530.27997550,18876,65.13316000,4221233.96754790
BTCUSDT,1785441600000,1785442499999,64800.00000000,64936.00000000,64785.28000000,64792.31000000,165.52295000,10733914.93875580,25635,83.19435000,5395108.76483150
BTCUSDT,1785442500000,1785443399999,64792.30000000,64874.00000000,64764.36000000,64794.05000000,45.61878000,2956720.44270000,13124,20.50346000,1328805.48266680
BTCUSDT,1785443400000,1785444299999,64794.06000000,64880.00000000,64752.12000000,64866.00000000,79.22597000,5134740.24012090,21026,43.41478000,2813567.75796750
BTCUSDT,1785444300000,1785445199999,64865.99000000,64888.60000000,64777.37000000,64777.37000000,40.05322000,2596909.06197250,11386,13.14703000,852451.00443250
BTCUSDT,1785445200000,1785446099999,64777.38000000,64802.48000000,64735.39000000,64756.41000000,65.71180000,4256301.65629570,9034,33.52540000,2171387.14515760
BTCUSDT,1785446100000,1785446999999,64756.42000000,64760.00000000,64747.08000000,64748.59000000,29.50192000,1910358.27836410,5836,10.21520000,661465.06547730
BTCUSDT,1785447000000,1785447899999,64748.59000000,64799.37000000,64740.54000000,64763.68000000,53.81759000,3485787.82114290,12246,32.72444000,2119584.67514640
BTCUSDT,1785447900000,1785448799999,64763.68000000,64775.74000000,64700.34000000,64735.53000000,78.72914000,5097196.51485050,24165,38.14245000,2469358.82738720
BTCUSDT,1785448800000,1785449699999,64735.53000000,64974.00000000,64668.91000000,64931.66000000,202.16188000,13113971.84996140,33360,90.69599000,5884981.63268900
BTCUSDT,1785449700000,1785450599999,64931.67000000,64996.90000000,64900.00000000,64994.40000000,74.56900000,4842677.26313880,20157,45.51890000,2956374.79849310
BTCUSDT,1785450600000,1785451499999,64995.43000000,65029.29000000,64868.96000000,64912.01000000,139.43966000,9054976.43059950,21463,85.17918000,5532225.96380590
BTCUSDT,1785451500000,1785452399999,64912.00000000,64923.18000000,64838.70000000,64851.16000000,66.28694000,4300448.06846680,13734,29.68368000,1925617.49588870
BTCUSDT,1785452400000,1785453299999,64851.16000000,64940.00000000,64830.00000000,64939.99000000,48.12081000,3122369.07692580,17283,26.14226000,1696324.54582690
BTCUSDT,1785453300000,1785454199999,64939.99000000,64945.87000000,64898.73000000,64933.99000000,58.12328000,3773281.31140170,12374,39.08761000,2537533.89558260
BTCUSDT,1785454200000,1785455099999,64934.00000000,65086.40000000,64772.00000000,64815.97000000,238.03205000,15464782.01652810,32012,114.39951000,7433797.42991510
BTCUSDT,1785455100000,1785455999999,64815.97000000,64891.44000000,64740.00000000,64780.02000000,147.50256000,9558553.65050360,21332,50.35169000,3262877.75843880
BTCUSDT,1785456000000,1785456899999,64780.03000000,64901.55000000,64757.27000000,64819.75000000,82.78974000,5366736.49957690,23360,39.21202000,2541726.16931760
BTCUSDT,1785456900000,1785457799999,64819.75000000,64822.00000000,64728.47000000,64775.01000000,240.17860000,15556509.08863110,18546,109.03551000,7061448.02865640
BTCUSDT,1785457800000,1785458699999,64775.01000000,64821.78000000,64740.27000000,64794.98000000,235.15309000,15233629.03814580,22690,62.65500000,4058705.31764530
BTCUSDT,1785458700000,1785459599999,64794.98000000,64804.00000000,64690.29000000,64724.91000000,102.30947000,6621632.62848250,17859,34.95515000,2262689.06558490
BTCUSDT,1785459600000,1785460499999,64724.92000000,65409.56000000,64724.92000000,65189.32000000,563.95142000,36769150.27976370,80877,374.39190000,24406584.52124150
BTCUSDT,1785460500000,1785461399999,65189.32000000,65225.74000000,65026.80000000,65184.08000000,232.81466000,15160207.30105930,52104,109.08962000,7104454.54477610
BTCUSDT,1785461400000,1785462299999,65184.09000000,65184.09000000,64824.58000000,64824.61000000,183.98934000,11962615.20112540,43974,69.86854000,4541365.53726920
BTCUSDT,1785462300000,1785463199999,64824.61000000,64894.00000000,64480.44000000,64564.01000000,236.24734000,15266408.85194250,67949,109.47771000,7075435.63129020
BTCUSDT,1785463200000,1785464099999,64564.00000000,64614.00000000,64467.00000000,64484.93000000,142.84525000,9219250.83560020,41716,86.81830000,5603553.08609450
BTCUSDT,1785464100000,1785464999999,64484.93000000,64484.93000000,64350.00000000,64353.78000000,242.15649000,15597350.29122270,40113,93.33128000,6010739.49832160
BTCUSDT,1785465000000,1785465899999,64353.78000000,64417.66000000,64203.58000000,64230.56000000,293.69608000,18879784.41819100,35463,71.19359000,4578691.66135380
BTCUSDT,1785465900000,1785466799999,64230.55000000,64360.00000000,64218.83000000,64297.79000000,176.95994000,11376338.44469500,30141,86.59623000,5567012.57507040
BTCUSDT,1785466800000,1785467699999,64297.79000000,64297.79000000,64172.00000000,64258.00000000,137.77005000,8850061.57244180,25620,68.30230000,4387530.72217130
BTCUSDT,1785467700000,1785468599999,64258.00000000,64422.00000000,64219.06000000,64382.33000000,212.23356000,13656681.47426180,29976,153.92901000,9904844.86359250
BTCUSDT,1785468600000,1785469499999,64382.34000000,64416.00000000,64298.00000000,64385.31000000,85.80253000,5522446.81277500,24722,55.86699000,3595704.83493140
BTCUSDT,1785469500000,1785470399999,64385.31000000,64439.81000000,64341.02000000,64370.00000000,112.23949000,7227560.24780130,20967,76.13789000,4902805.45707060
BTCUSDT,1785470400000,1785471299999,64370.00000000,64438.00000000,64350.00000000,64370.01000000,154.22029000,9928820.19168970,19727,92.78905000,5973596.68326810
BTCUSDT,1785471300000,1785472199999,64370.26000000,64372.00000000,64236.00000000,64335.79000000,87.08885000,5599373.24170610,20039,36.21994000,2328530.05010320
BTCUSDT,1785472200000,1785473099999,64335.80000000,64369.75000000,64288.00000000,64307.99000000,67.45233000,4338552.74328300,17107,41.48652000,2668246.50217000
BTCUSDT,1785473100000,1785473999999,64307.99000000,64334.00000000,64293.81000000,64300.00000000,82.37284000,5297365.07776360,11593,20.47111000,1316530.30087830
BTCUSDT,1785474000000,1785474899999,64299.99000000,64420.00000000,64299.99000000,64415.71000000,163.27106000,10511631.03166400,17205,112.72282000,7257113.31993060
BTCUSDT,1785474900000,1785475799999,64415.72000000,64421.68000000,64330.00000000,64330.01000000,61.54800000,3963082.10429700,12519,32.27298000,2078150.17709070
BTCUSDT,1785475800000,1785476699999,64330.01000000,64361.06000000,64293.82000000,64293.82000000,57.28770000,3684779.53319990,15659,26.95408000,1733862.26675670
BTCUSDT,1785476700000,1785477599999,64293.82000000,64380.05000000,64268.47000000,64363.06000000,247.29617000,15908127.02022980,18176,177.13865000,11396749.31398980
BTCUSDT,1785477600000,1785478499999,64363.06000000,64389.52000000,64324.22000000,64382.88000000,56.33717000,3626213.44072630,9632,35.38324000,2277442.37877190
BTCUSDT,1785478500000,1785479399999,64382.87000000,64458.89000000,64364.68000000,64458.89000000,113.41663000,7302041.27038260,10468,90.06421000,5798514.57819500
BTCUSDT,1785479400000,1785480299999,64458.88000000,64496.64000000,64274.00000000,64281.99000000,133.25275000,8582032.82196210,29456,67.87365000,4372067.09872280
BTCUSDT,1785480300000,1785481199999,64282.00000000,64282.00000000,64196.08000000,64231.97000000,200.76911000,12898721.23494670,27927,65.02840000,4177565.59863920
BTCUSDT,1785481200000,1785482099999,64231.97000000,64245.57000000,64017.84000000,64061.99000000,340.92179000,21857152.32038420,50783,146.97011000,9426299.00109470
BTCUSDT,1785482100000,1785482999999,64062.00000000,64096.75000000,64000.00000000,64000.00000000,673.68252000,43119560.84657880,27658,146.26849000,9363955.54972570
BTCUSDT,1785483000000,1785483899999,64000.01000000,64034.06000000,63878.11000000,63923.00000000,1696.21577000,108522516.49938750,43431,358.62911000,22942027.96905750
BTCUSDT,1785483900000,1785484799999,63923.01000000,64019.90000000,63923.00000000,63950.01000000,378.13643000,24189909.46141960,19389,283.57229000,18140121.32133900
BTCUSDT,1785484800000,1785485699999,63950.01000000,63970.56000000,63862.00000000,63945.57000000,253.58670000,16210194.74289910,25152,158.02952000,10101612.12771340
BTCUSDT,1785485700000,1785486599999,63945.57000000,63987.36000000,63865.09000000,63962.00000000,131.08576000,8379555.85090550,23605,90.29109000,5772031.18069130
BTCUSDT,1785486600000,1785487499999,63961.99000000,63961.99000000,63816.62000000,63850.05000000,146.83166000,9379931.62233700,17715,84.17927000,5377745.16520110
BTCUSDT,1785487500000,1785488399999,63850.05000000,63904.65000000,63784.67000000,63834.01000000,202.68306000,12937897.73217020,15419,62.82188000,4011467.54084070
BTCUSDT,1785488400000,1785489299999,63834.01000000,63847.13000000,63756.00000000,63804.84000000,193.41380000,12342239.02256960,19712,120.00833000,7658581.37963240
BTCUSDT,1785489300000,1785490199999,63804.83000000,63804.84000000,63694.73000000,63694.74000000,90.89596000,5793397.28948060,15079,40.37544000,2573428.41327390
BTCUSDT,1785490200000,1785491099999,63694.74000000,63728.38000000,63638.18000000,63692.00000000,182.91632000,11649249.84903990,32734,75.42534000,4803613.25348570
BTCUSDT,1785491100000,1785491999999,63692.00000000,63749.99000000,63680.01000000,63715.90000000,95.10418000,6059180.06637630,16902,50.74235000,3232843.68131480
BTCUSDT,1785492000000,1785492899999,63715.91000000,63743.85000000,63610.00000000,63734.21000000,98.56200000,6275663.99142060,23152,50.21208000,3197797.91727960
BTCUSDT,1785492900000,1785493799999,63734.22000000,63827.58000000,63700.56000000,63824.88000000,126.19256000,8049813.52441760,13248,88.72710000,5660036.46346510
BTCUSDT,1785493800000,1785494699999,63824.88000000,63906.99000000,63824.87000000,63903.01000000,126.75745000,8095296.72013740,13545,93.03258000,5941593.45119060
BTCUSDT,1785494700000,1785495599999,63903.01000000,63951.77000000,63876.00000000,63918.67000000,70.87857000,4530311.54180660,13271,36.31285000,2320869.74782210
BTCUSDT,1785495600000,1785496499999,63918.68000000,64011.99000000,63905.75000000,63905.76000000,82.87111000,5299753.51002360,17798,46.18287000,2953368.64273660
BTCUSDT,1785496500000,1785497399999,63905.75000000,63975.86000000,63862.00000000,63902.00000000,80.61858000,5153199.47092680,19651,54.50556000,3484157.73470210
BTCUSDT,1785497400000,1785498299999,63902.01000000,63902.01000000,63844.44000000,63844.61000000,61.85480000,3950423.32108380,8998,28.44182000,1816379.83674680
BTCUSDT,1785498300000,1785499199999,63844.61000000,63856.00000000,63792.01000000,63805.51000000,61.80155000,3944319.25396900,9700,32.23774000,2057465.77672060
BTCUSDT,1785499200000,1785500099999,63805.50000000,63830.62000000,63706.00000000,63727.66000000,105.03737000,6697740.54182490,16062,71.19456000,4539856.98991740
BTCUSDT,1785500100000,1785500999999,63727.66000000,63774.00000000,63704.00000000,63746.63000000,119.32750000,7605159.41460970,14449,50.01930000,3187970.01107480
BTCUSDT,1785501000000,1785501899999,63746.63000000,63746.63000000,63627.66000000,63667.52000000,219.25849000,13961242.04640050,30251,67.86039000,4320866.25696000
BTCUSDT,1785501900000,1785502799999,63667.51000000,63763.06000000,63660.00000000,63754.01000000,72.63492000,4628445.75637270,20388,38.01533000,2422388.20533760
BTCUSDT,1785502800000,1785503699999,63754.01000000,63784.00000000,63720.00000000,63765.99000000,110.24632000,7028676.45958910,17153,51.02506000,3253036.47816970
BTCUSDT,1785503700000,1785504599999,63766.00000000,63849.19000000,63759.74000000,63825.52000000,303.91732000,19391324.47056020,24309,197.38052000,12593592.88987440
BTCUSDT,1785504600000,1785505499999,63825.52000000,63825.52000000,63465.57000000,63465.57000000,626.41027000,39846092.29239050,98219,276.59238000,17596130.03717180
BTCUSDT,1785505500000,1785506399999,63465.57000000,63529.99000000,63241.71000000,63270.73000000,470.96143000,29835859.93394480,77430,181.78537000,11515661.30625310
BTCUSDT,1785506400000,1785507299999,63270.72000000,63310.00000000,62466.00000000,62697.02000000,1608.05582000,100981042.71847939,170433,653.85822000,41046095.41557820
BTCUSDT,1785507300000,1785508199999,62697.02000000,62748.00000000,62520.00000000,62642.15000000,980.23353000,61360786.91890850,146320,427.32043000,26749021.24329220
BTCUSDT,1785508200000,1785509099999,62642.23000000,62818.00000000,62600.00000000,62684.00000000,521.90901000,32722571.69224480,76973,276.56566000,17341130.78354790
BTCUSDT,1785509100000,1785509999999,62684.00000000,62809.91000000,62592.32000000,62682.06000000,518.20593000,32492836.52276980,52826,254.85539000,15975248.01388330
BTCUSDT,1785510000000,1785510899999,62682.05000000,62706.00000000,62555.00000000,62616.01000000,265.87917000,16652080.53185640,50641,143.36715000,8979609.38672070
BTCUSDT,1785510900000,1785511799999,62616.01000000,62721.93000000,62490.24000000,62584.00000000,312.46923000,19551417.89859820,45495,162.99617000,10200039.12184630
BTCUSDT,1785511800000,1785512699999,62583.99000000,62769.36000000,62568.00000000,62761.41000000,226.09997000,14172682.26735330,40794,135.34597000,8482930.15315760
BTCUSDT,1785512700000,1785513599999,62761.41000000,62761.41000000,62633.32000000,62716.57000000,161.50720000,10130338.77547470,30234,89.06881000,5586692.23643460
BTCUSDT,1785513600000,1785514499999,62716.57000000,62905.79000000,62709.01000000,62864.07000000,288.66321000,18135290.22096380,44385,166.92063000,10485467.43078870
BTCUSDT,1785514500000,1785515399999,62864.07000000,62931.79000000,62793.27000000,62921.52000000,311.56574000,19589903.88221360,39027,107.53499000,6761484.42113620
BTCUSDT,1785515400000,1785516299999,62921.51000000,62921.52000000,62808.00000000,62847.54000000,141.24985000,8878616.52994250,29782,69.51507000,4368686.52438950
BTCUSDT,1785516300000,1785517199999,62847.54000000,62885.01000000,62815.42000000,62870.88000000,115.76923000,7277362.51860170,22660,62.92208000,3955259.98559500
BTCUSDT,1785517200000,1785518099999,62870.87000000,62924.00000000,62800.00000000,62902.00000000,181.28667000,11396014.10180890,33307,96.01471000,6036329.73746760
BTCUSDT,1785518100000,1785518999999,62901.99000000,63006.84000000,62871.63000000,62976.74000000,181.04233000,11393967.49025460,33594,98.97353000,6229092.43787980
BTCUSDT,1785519000000,1785519899999,62976.73000000,63100.00000000,62956.95000000,63059.69000000,173.61216000,10945492.58441010,25055,124.71055000,7862407.95121430
BTCUSDT,1785519900000,1785520799999,63059.69000000,63301.68000000,63059.68000000,63245.44000000,320.78822000,20269362.21188470,28003,243.35111000,15376220.33745690
BTCUSDT,1785520800000,1785521699999,63245.44000000,63302.00000000,63135.31000000,63147.90000000,220.86973000,13962034.36581680,26387,136.17484000,8608670.56157980
BTCUSDT,1785521700000,1785522599999,63147.90000000,63182.00000000,63056.00000000,63061.57000000,225.43697000,14234010.13099170,19411,141.15328000,8912622.78314750
BTCUSDT,1785522600000,1785523499999,63061.56000000,63094.70000000,62966.00000000,63037.75000000,178.41539000,11245301.02387480,25524,72.96392000,4598990.19437790
BTCUSDT,1785523500000,1785524399999,63037.75000000,63176.46000000,63033.94000000,63097.57000000,128.73455000,8121981.28281570,23741,69.36228000,4375881.41455310
BTCUSDT,1785524400000,1785525299999,63097.57000000,63158.00000000,63029.37000000,63068.93000000,60.90224000,3841402.34389110,18254,30.20800000,1905350.02980250
BTCUSDT,1785525300000,1785526199999,63068.93000000,63072.00000000,63017.99000000,63022.02000000,43.03145000,2712748.16311500,13210,20.20515000,1273718.87027860
BTCUSDT,1785526200000,1785527099999,63022.02000000,63027.60000000,62936.29000000,63000.44000000,79.18753000,4987274.68597430,19381,41.73638000,2628447.96953470
BTCUSDT,1785527100000,1785527999999,63000.45000000,63052.00000000,62954.03000000,62972.00000000,121.76794000,7671430.63085100,20362,67.75619000,4268741.40926440
BTCUSDT,1785528000000,1785528899999,62972.00000000,63005.47000000,62944.84000000,62999.34000000,66.73930000,4203093.10196750,16377,36.88449000,2322813.84980350
BTCUSDT,1785528900000,1785529799999,62999.33000000,63034.00000000,62982.00000000,63005.52000000,55.16240000,3475712.99728050,9537,33.02394000,2080669.74129210
BTCUSDT,1785529800000,1785530699999,63005.52000000,63013.99000000,62955.00000000,62990.59000000,102.50625000,6457071.35631780,16636,54.28078000,3419146.09839880
BTCUSDT,1785530700000,1785531599999,62990.58000000,63003.87000000,62928.35000000,62953.70000000,94.01232000,5919615.42972580,16783,40.70681000,2563004.83173470
BTCUSDT,1785531600000,1785532499999,62953.70000000,63013.23000000,62846.00000000,63010.83000000,60.38708000,3800636.93064360,14145,29.06057000,1829404.86256440
BTCUSDT,1785532500000,1785533399999,63010.83000000,63038.00000000,63000.00000000,63009.99000000,84.53869000,5327375.99302410,11156,32.44592000,2044584.74750190
BTCUSDT,1785533400000,1785534299999,63010.00000000,63038.46000000,62995.08000000,63038.46000000,94.66788000,5965281.28893740,17466,64.53414000,4066486.83062610
BTCUSDT,1785534300000,1785535199999,63038.45000000,63062.47000000,62923.84000000,62947.78000000,95.16620000,5995980.68804470,21811,35.96854000,2266182.64219600
BTCUSDT,1785535200000,1785536099999,62947.77000000,63020.00000000,62870.01000000,63002.47000000,75.79940000,4771596.22258320,16158,39.41917000,2481521.47851090
BTCUSDT,1785536100000,1785536999999,63002.47000000,63020.00000000,62988.29000000,62988.29000000,133.54064000,8413764.48428650,7203,29.19061000,1839176.58404690
BTCUSDT,1785537000000,1785537899999,62988.28000000,63006.14000000,62922.17000000,62943.64000000,102.78499000,6473869.40577430,9947,49.21981000,3100256.95662670
BTCUSDT,1785537900000,1785538799999,62943.64000000,62963.22000000,62915.00000000,62950.00000000,128.86991000,8110571.22326140,6960,79.25736000,4987829.17099210
BTCUSDT,1785538800000,1785539699999,62950.01000000,63004.00000000,62950.00000000,62975.77000000,73.02156000,4599466.64913710,6741,11.58587000,729689.09739480
BTCUSDT,1785539700000,1785540599999,62975.78000000,63013.52000000,62975.77000000,62983.86000000,23.36606000,1471911.99185770,5641,10.59088000,667170.05459510
BTCUSDT,1785540600000,1785541499999,62983.86000000,62996.73000000,62950.00000000,62950.01000000,33.58295000,2114876.31733560,6018,19.76587000,1244740.63705460
BTCUSDT,1785541500000,1785542399999,62950.00000000,62950.01000000,62860.64000000,62887.88000000,56.52402000,3555197.07281700,11072,20.64174000,1298153.31154800
BTCUSDT,1785542400000,1785543299999,62887.88000000,62970.00000000,62887.87000000,62942.00000000,182.20936000,11469641.70702670,12674,45.99193000,2894770.87541100
BTCUSDT,1785543300000,1785544199999,62942.00000000,62998.00000000,62935.00000000,62958.00000000,171.41681000,10792762.90724300,9664,82.87886000,5217464.14941410
BTCUSDT,1785544200000,1785545099999,62958.00000000,62996.00000000,62936.03000000,62995.99000000,119.33373000,7514851.69290690,9803,79.84268000,5027761.49763470
BTCUSDT,1785545100000,1785545999999,62996.00000000,63024.04000000,62938.00000000,62938.01000000,44.30907000,2790781.17310330,8052,23.81066000,1499745.43783170
BTCUSDT,1785546000000,1785546899999,62938.01000000,62967.34000000,62938.00000000,62967.34000000,69.12506000,4351784.00945800,6116,46.49145000,2926828.11709590
BTCUSDT,1785546900000,1785547799999,62967.34000000,62990.00000000,62923.47000000,62954.27000000,173.96706000,10950826.14862140,10273,71.50699000,4500873.36905720
BTCUSDT,1785547800000,1785548699999,62954.27000000,62981.35000000,62930.00000000,62975.52000000,73.12879000,4604290.67396430,7751,50.59507000,3185699.56957760
BTCUSDT,1785548700000,1785549599999,62975.51000000,62983.20000000,62950.68000000,62975.01000000,70.49894000,4439249.22882010,6977,36.98488000,2328875.41123710
BTCUSDT,1785549600000,1785550499999,62975.00000000,63028.00000000,62975.00000000,63018.00000000,33.58196000,2115588.21741770,4708,18.99343000,1196486.63823530
BTCUSDT,1785550500000,1785551399999,63018.01000000,63087.82000000,63018.00000000,63070.01000000,46.90805000,2958100.94607280,7155,34.72144000,2189496.33327930
BTCUSDT,1785551400000,1785552299999,63070.01000000,63098.80000000,63070.00000000,63085.01000000,107.79432000,6799616.55770350,5117,88.65455000,5592217.71672750
BTCUSDT,1785552300000,1785553199999,63085.00000000,63106.55000000,63056.15000000,63075.07000000,160.38649000,10116578.74651170,7343,92.48924000,5833366.33230670
BTCUSDT,1785553200000,1785554099999,63075.08000000,63075.08000000,62987.35000000,62987.36000000,50.01728000,3153012.01194370,7575,8.01086000,505040.55768600
BTCUSDT,1785554100000,1785554999999,62987.36000000,63050.00000000,62970.65000000,63018.77000000,45.00068000,2835884.52170650,7420,27.30555000,1720737.72964010
BTCUSDT,1785555000000,1785555899999,63018.77000000,63030.95000000,62976.00000000,62997.75000000,190.52824000,12003867.37140670,7686,40.00157000,2519700.62084990
BTCUSDT,1785555900000,1785556799999,62997.75000000,63018.64000000,62982.00000000,63004.48000000,103.40962000,6514871.81574460,5971,58.93953000,3712933.67311660
BTCUSDT,1785556800000,1785557699999,63004.47000000,63014.00000000,62993.20000000,63013.99000000,49.64273000,3127560.41125230,4180,22.60743000,1424287.43076270
BTCUSDT,1785557700000,1785558599999,63014.00000000,63050.10000000,63013.99000000,63050.10000000,33.80606000,2131150.46813520,3674,28.45110000,1793586.32704650
BTCUSDT,1785558600000,1785559499999,63050.10000000,63069.45000000,63046.00000000,63069.45000000,35.05172000,2210148.74331730,3988,26.93516000,1698372.96710620
BTCUSDT,1785559500000,1785560399999,63069.45000000,63115.37000000,63069.44000000,63115.01000000,105.42890000,6653256.43814220,5310,47.69679000,3009677.35920430
BTCUSDT,1785560400000,1785561299999,63115.00000000,63142.85000000,63059.21000000,63122.90000000,134.69423000,8499493.09717290,7078,87.57560000,5525703.16514380
BTCUSDT,1785561300000,1785562199999,63122.91000000,63122.91000000,63074.41000000,63105.00000000,92.79342000,5854533.43131530,6359,60.78945000,3835187.17623620
BTCUSDT,1785562200000,1785563099999,63105.00000000,63105.01000000,63014.76000000,63016.58000000,116.75046000,7364529.19368830,7271,52.78698000,3329714.97318510
BTCUSDT,1785563100000,1785563999999,63016.58000000,63038.00000000,63000.85000000,63020.00000000,114.03860000,7187170.39541700,5062,46.84147000,2951965.78579550
BTCUSDT,1785564000000,1785564899999,63020.00000000,63040.10000000,62992.82000000,63027.88000000,171.47143000,10806346.13887180,8714,73.88758000,4656719.71648530
BTCUSDT,1785564900000,1785565799999,63027.87000000,63075.10000000,63007.80000000,63060.00000000,48.22198000,3040428.03180970,5829,15.95792000,1005984.77927120
BTCUSDT,1785565800000,1785566699999,63059.99000000,63076.93000000,63059.99000000,63062.00000000,107.93033000,6807163.25205410,3675,48.22688000,3041659.04464440
BTCUSDT,1785566700000,1785567599999,63061.99000000,63086.65000000,63057.44000000,63080.64000000,107.25103000,6765173.55857820,5128,87.92337000,5545977.15550730
BTCUSDT,1785567600000,1785568499999,63080.65000000,63110.89000000,63080.64000000,63110.88000000,29.95170000,1889717.85461910,3987,15.19509000,958774.02546250
BTCUSDT,1785568500000,1785569399999,63110.88000000,63110.89000000,63069.74000000,63069.75000000,33.27632000,2099196.86937250,3950,8.90784000,561954.00293610
BTCUSDT,1785569400000,1785570299999,63069.74000000,63069.75000000,63034.00000000,63046.00000000,55.71305000,3512436.85329600,6426,20.77188000,1309533.18227300
BTCUSDT,1785570300000,1785571199999,63046.00000000,63056.77000000,63046.00000000,63050.46000000,31.75066000,2001932.10272910,5151,17.12531000,1079767.91921740
BTCUSDT,1785571200000,1785572099999,63050.45000000,63100.01000000,63050.45000000,63100.01000000,30.67437000,1934916.85860410,4557,22.03381000,1389793.91156150
BTCUSDT,1785572100000,1785572999999,63100.01000000,63102.51000000,63092.00000000,63092.01000000,19.93275000,1257778.97330470,2085,8.92464000,563153.96206990
BTCUSDT,1785573000000,1785573899999,63092.01000000,63109.04000000,63092.00000000,63102.51000000,21.91553000,1382952.79593350,2441,9.84906000,621504.23848210
BTCUSDT,1785573900000,1785574799999,63102.51000000,63150.00000000,63091.33000000,63126.25000000,33.50552000,2115039.12102580,5438,15.25084000,962592.59871720
BTCUSDT,1785574800000,1785575699999,63126.25000000,63139.54000000,63110.00000000,63112.08000000,59.74674000,3771453.99181450,6733,29.50019000,1862163.43005550
BTCUSDT,1785575700000,1785576599999,63112.08000000,63125.48000000,63100.00000000,63112.94000000,66.80092000,4216062.15336080,6336,31.71896000,2001762.58666760
BTCUSDT,1785576600000,1785577499999,63112.93000000,63112.94000000,63100.00000000,63107.91000000,41.64028000,2627808.38476610,3538,25.71785000,1622950.15784950
BTCUSDT,1785577500000,1785578399999,63107.91000000,63107.91000000,63046.33000000,63053.17000000,60.26358000,3801609.26845610,7860,11.06698000,697991.64205100
BTCUSDT,1785578400000,1785579299999,63053.17000000,63111.09000000,62986.31000000,63006.44000000,81.00080000,5104509.89572430,12621,18.71921000,1179794.94332330
BTCUSDT,1785579300000,1785580199999,63006.45000000,63066.22000000,62990.25000000,63046.80000000,33.91335000,2137788.29783750,6066,19.56180000,1233015.89046340
BTCUSDT,1785580200000,1785581099999,63046.80000000,63076.00000000,63022.58000000,63058.56000000,156.95472000,9896372.83770100,8626,70.57836000,4449382.74440160
BTCUSDT,1785581100000,1785581999999,63058.56000000,63063.68000000,63038.24000000,63056.00000000,49.17462000,3100477.07542550,4503,29.89769000,1885066.61383880
BTCUSDT,1785582000000,1785582899999,63055.99000000,63061.59000000,63038.11000000,63061.59000000,30.45920000,1920373.76018190,3772,17.49840000,1103199.97861220
BTCUSDT,1785582900000,1785583799999,63061.58000000,63082.00000000,63037.72000000,63081.91000000,68.11591000,4295014.17612950,5590,51.84963000,3269299.64438330
BTCUSDT,1785583800000,1785584699999,63081.91000000,63091.97000000,63070.52000000,63070.52000000,55.51877000,3501981.32080980,3769,16.34267000,1030843.27273610
BTCUSDT,1785584700000,1785585599999,63070.52000000,63076.01000000,63070.52000000,63076.00000000,24.99206000,1576356.23662940,2258,11.86904000,748623.70280860
BTCUSDT,1785585600000,1785586499999,63076.00000000,63119.40000000,63076.00000000,63099.83000000,74.85659000,4724028.30774340,6776,32.42389000,2046137.05067180
BTCUSDT,1785586500000,1785587399999,63099.84000000,63105.99000000,63092.87000000,63092.87000000,53.66513000,3386288.92451680,3347,31.33521000,1977279.86181000
BTCUSDT,1785587400000,1785588299999,63092.88000000,63103.37000000,63081.81000000,63100.04000000,128.48021000,8106075.30810060,4330,106.36716000,6710857.23419680
BTCUSDT,1785588300000,1785589199999,63100.03000000,63106.96000000,63100.03000000,63103.68000000,63.18439000,3987099.93263640,4513,53.60283000,3382466.71165120
BTCUSDT,1785589200000,1785590099999,63103.68000000,63106.83000000,63096.81000000,63102.59000000,43.90302000,2770383.91801230,3543,23.21553000,1464941.91559840
BTCUSDT,1785590100000,1785590999999,63102.59000000,63102.59000000,63083.62000000,63083.62000000,56.61335000,3571700.75552600,3870,27.53031000,1736871.52812590
BTCUSDT,1785591000000,1785591899999,63083.62000000,63094.00000000,63080.00000000,63080.01000000,33.83570000,2134483.36829950,3772,17.02759000,1074170.08276460
BTCUSDT,1785591900000,1785592799999,63080.00000000,63080.01000000,63051.00000000,63069.32000000,53.11671000,3349838.23831750,4643,31.04594000,1957887.28461530
BTCUSDT,1785592800000,1785593699999,63069.31000000,63127.07000000,63069.31000000,63079.83000000,94.96288000,5992541.76402250,8503,26.81393000,1691832.00745870
BTCUSDT,1785593700000,1785594599999,63079.83000000,63120.53000000,63072.41000000,63114.36000000,52.64940000,3322624.87194550,6117,22.55090000,1423064.65066290
BTCUSDT,1785594600000,1785595499999,63114.35000000,63120.01000000,63087.33000000,63110.01000000,85.68172000,5406754.88670070,5057,60.08463000,3791450.66002150
BTCUSDT,1785595500000,1785596399999,63110.00000000,63126.53000000,63073.08000000,63126.52000000,152.49935000,9622288.04291080,6739,43.37549000,2736792.14158000
BTCUSDT,1785596400000,1785597299999,63126.53000000,63126.53000000,63110.00000000,63110.00000000,55.65858000,3512983.01011170,4138,31.76867000,2005092.75655920
BTCUSDT,1785597300000,1785598199999,63110.00000000,63110.01000000,63059.99000000,63060.00000000,29.38835000,1854049.83157410,4278,13.56536000,855864.39041720
BTCUSDT,1785598200000,1785599099999,63060.00000000,63061.99000000,63051.00000000,63051.07000000,41.49905000,2616750.26836160,5142,18.81782000,1186512.99596690
BTCUSDT,1785599100000,1785599999999,63051.07000000,63051.07000000,63007.05000000,63007.06000000,37.87935000,2387725.73164070,3980,7.52723000,474483.71868400
BTCUSDT,1785600000000,1785600899999,63007.06000000,63007.06000000,62928.00000000,62948.27000000,97.32085000,6128154.98506620,12630,37.35633000,2351972.44961950
BTCUSDT,1785600900000,1785601799999,62948.27000000,62964.00000000,62926.76000000,62948.67000000,57.48690000,3618568.19111010,6754,34.51893000,2172850.34605650
BTCUSDT,1785601800000,1785602699999,62948.67000000,63027.65000000,62947.99000000,62969.25000000,112.11283000,7061174.28449970,11415,61.14595000,3850440.47249880
BTCUSDT,1785602700000,1785603599999,62969.24000000,62969.25000000,62874.00000000,62932.32000000,60.95124000,3835422.51320840,9448,27.21439000,1712282.57394690
BTCUSDT,1785603600000,1785604499999,62932.32000000,62996.00000000,62870.00000000,62897.99000000,86.32257000,5434171.98495340,11904,34.76826000,2188929.37282700
BTCUSDT,1785604500000,1785605399999,62897.99000000,62898.00000000,62800.00000000,62833.95000000,75.07065000,4718375.00917520,15590,33.21165000,2087350.07102290
BTCUSDT,1785605400000,1785606299999,62833.95000000,62844.78000000,62740.00000000,62818.02000000,91.69905000,5757772.66554550,18963,29.51880000,1853264.01662550
BTCUSDT,1785606300000,1785607199999,62818.02000000,62818.03000000,62666.00000000,62708.07000000,106.08290000,6654631.38861640,14293,42.15620000,2644211.23067350
BTCUSDT,1785607200000,1785608099999,62708.06000000,62734.00000000,62618.75000000,62706.84000000,169.72237000,10640193.64740410,21146,70.49770000,4418657.26569650
BTCUSDT,1785608100000,1785608999999,62706.85000000,62706.85000000,62510.00000000,62564.78000000,183.87011000,11507306.15223460,36708,46.41289000,2904051.63916930
BTCUSDT,1785609000000,1785609899999,62564.78000000,62564.78000000,62275.00000000,62370.01000000,414.86265000,25883272.80021830,55458,159.59479000,9955652.17909140
BTCUSDT,1785609900000,1785610799999,62370.01000000,62586.00000000,62280.16000000,62580.56000000,162.97384000,10173935.77161650,37831,106.40513000,6642654.66329980
BTCUSDT,1785610800000,1785611699999,62580.55000000,62624.00000000,62526.33000000,62550.00000000,99.33353000,6216869.67425030,20009,48.47136000,3033633.25311560
BTCUSDT,1785611700000,1785612599999,62550.00000000,62611.06000000,62491.11000000,62548.45000000,123.19365000,7708182.40866770,13305,96.31239000,6026756.07877880
BTCUSDT,1785612600000,1785613499999,62548.45000000,62589.99000000,62461.17000000,62471.99000000,47.92329000,2995229.25489060,16094,26.56157000,1659930.34223280
BTCUSDT,1785613500000,1785614399999,62472.00000000,62543.86000000,62471.99000000,62529.82000000,42.07579000,2630477.76915680,8943,15.50406000,969202.59218030
BTCUSDT,1785614400000,1785615299999,62529.81000000,62571.70000000,62482.99000000,62558.00000000,38.80349000,2426537.26752180,12996,16.11466000,1007734.27375490
BTCUSDT,1785615300000,1785616199999,62558.00000000,62640.00000000,62558.00000000,62618.00000000,52.53567000,3288885.00967020,11266,35.66099000,2232295.61915630
BTCUSDT,1785616200000,1785617099999,62617.99000000,62624.00000000,62562.00000000,62596.00000000,35.20714000,2203684.74665070,11227,12.68817000,794165.23450390
BTCUSDT,1785617100000,1785617999999,62595.99000000,62674.98000000,62588.10000000,62662.13000000,56.92336000,3566123.25530100,7677,37.07071000,2322491.42800780
BTCUSDT,1785618000000,1785618899999,62662.14000000,62800.00000000,62662.13000000,62743.16000000,103.38051000,6484603.84753800,18808,34.20027000,2145660.25750020
BTCUSDT,1785618900000,1785619799999,62743.17000000,62796.86000000,62743.16000000,62793.21000000,32.86012000,2062646.59717990,9350,22.60784000,1419042.89220680
BTCUSDT,1785619800000,1785620699999,62793.21000000,62864.00000000,62769.02000000,62800.45000000,53.65072000,3369184.71949160,17157,29.73670000,1867499.86465030
BTCUSDT,1785620700000,1785621599999,62800.44000000,62827.08000000,62781.77000000,62812.75000000,39.49251000,2480536.38581510,9608,16.60630000,1043003.22459560
BTCUSDT,1785621600000,1785622499999,62812.76000000,62863.26000000,62794.17000000,62849.18000000,43.27042000,2718710.98935180,11616,29.03865000,1824528.16913610
BTCUSDT,1785622500000,1785623399999,62849.18000000,62866.62000000,62826.08000000,62854.79000000,31.51373000,1980402.49724850,6291,17.45512000,1096882.41283730
BTCUSDT,1785623400000,1785624299999,62854.80000000,62854.80000000,62824.57000000,62848.01000000,25.49231000,1602030.37212610,6333,10.62155000,667469.08583460
BTCUSDT,1785624300000,1785625199999,62848.01000000,62852.00000000,62831.28000000,62831.28000000,29.27271000,1839454.50371370,3871,8.02144000,504054.14695520
BTCUSDT,1785625200000,1785626099999,62831.29000000,62854.00000000,62807.69000000,62807.69000000,24.66705000,1549839.38216850,4457,14.67373000,921918.49610170
BTCUSDT,1785626100000,1785626999999,62807.70000000,62807.70000000,62769.97000000,62771.35000000,41.99995000,2636638.10031750,4215,21.57120000,1354097.80608960
BTCUSDT,1785627000000,1785627899999,62771.35000000,62862.80000000,62771.34000000,62835.15000000,196.55736000,12346164.33874640,7402,179.26936000,11260286.78831590
BTCUSDT,1785627900000,1785628799999,62835.14000000,62840.82000000,62815.94000000,62823.64000000,24.58879000,1544832.37135490,4210,10.92173000,686166.06940060
BTCUSDT,1785628800000,1785629699999,62823.65000000,62979.99000000,62823.64000000,62929.75000000,121.75471000,7660941.35086020,15035,84.99021000,5347391.72673620
BTCUSDT,1785629700000,1785630599999,62929.75000000,62940.00000000,62882.01000000,62883.70000000,60.54186000,3808919.62051380,5534,20.05675000,1261662.71904690
BTCUSDT,1785630600000,1785631499999,62883.69000000,62914.71000000,62846.96000000,62846.97000000,150.33788000,9452782.72319740,7272,31.77253000,1997835.56239180
BTCUSDT,1785631500000,1785632399999,62846.97000000,62861.42000000,62806.58000000,62833.99000000,64.63979000,4061503.58019590,5981,22.26559000,1398928.57484850
BTCUSDT,1785632400000,1785633299999,62834.00000000,63021.96000000,62834.00000000,63012.17000000,73.76266000,4642717.58089950,11971,57.69495000,3631069.13144380
BTCUSDT,1785633300000,1785634199999,63012.18000000,63088.00000000,62975.30000000,62984.00000000,80.09109000,5048026.65708390,10829,58.23556000,3670439.31819720
BTCUSDT,1785634200000,1785635099999,62984.00000000,63020.87000000,62975.30000000,63015.99000000,30.57099000,1926078.80329190,5190,21.64172000,1363499.48364540
BTCUSDT,1785635100000,1785635999999,63016.00000000,63016.00000000,62981.86000000,62981.87000000,31.35220000,1975055.49203540,4577,11.07432000,697604.35206990
BTCUSDT,1785636000000,1785636899999,62981.87000000,63547.70000000,62958.54000000,63459.99000000,434.92474000,27552190.50752110,64129,278.73716000,17653646.93449650
BTCUSDT,1785636900000,1785637799999,63460.00000000,63547.70000000,63393.57000000,63405.47000000,304.37265000,19319919.71270060,41569,166.71667000,10583195.11830700
BTCUSDT,1785637800000,1785638699999,63405.47000000,63460.22000000,63333.99000000,63385.12000000,227.60772000,14431744.13335710,23767,119.46315000,7574531.56226110
BTCUSDT,1785638700000,1785639599999,63385.12000000,63484.00000000,63348.00000000,63451.58000000,101.51395000,6438555.74939500,16104,58.27904000,3696205.60081210
BTCUSDT,1785639600000,1785640499999,63451.58000000,63461.09000000,63386.87000000,63415.48000000,130.84429000,8297152.35911810,16834,48.97759000,3105806.44723630
BTCUSDT,1785640500000,1785641399999,63415.48000000,63550.00000000,63380.00000000,63436.88000000,122.20468000,7755097.45716840,15104,77.92311000,4945301.65818740
BTCUSDT,1785641400000,1785642299999,63436.88000000,63498.00000000,63436.88000000,63497.99000000,63.65554000,4040355.08541810,6021,34.30667000,2177374.20159900
BTCUSDT,1785642300000,1785643199999,63497.99000000,63515.56000000,63435.38000000,63461.95000000,71.85011000,4560967.63310340,9577,31.44000000,1995789.96600520
BTCUSDT,1785643200000,1785644099999,63461.95000000,63555.00000000,63461.95000000,63543.17000000,88.78303000,5640602.76332140,13254,58.94990000,3745023.01645980
BTCUSDT,1785644100000,1785644999999,63543.16000000,63558.34000000,63515.86000000,63546.00000000,38.07443000,2419387.37018840,8775,19.59813000,1245326.96164430
BTCUSDT,1785645000000,1785645899999,63546.01000000,63556.03000000,63523.34000000,63526.60000000,92.73492000,5892382.25005030,9533,44.13467000,2804240.54955360
BTCUSDT,1785645900000,1785646799999,63526.60000000,63612.00000000,63526.59000000,63590.00000000,82.77879000,5263193.45210430,10047,51.92505000,3301356.08719920
BTCUSDT,1785646800000,1785647699999,63590.00000000,63634.00000000,63464.07000000,63482.74000000,82.59301000,5247732.14613220,11818,20.99032000,1333766.78287510
BTCUSDT,1785647700000,1785648599999,63482.74000000,63496.00000000,63456.96000000,63494.83000000,52.58672000,3338293.47823560,8560,32.01952000,2032593.74253280
BTCUSDT,1785648600000,1785649499999,63494.83000000,63494.83000000,63415.26000000,63423.76000000,95.17288000,6038487.44657960,11648,34.53518000,2191015.38104600
BTCUSDT,1785649500000,1785650399999,63423.77000000,63454.81000000,63423.76000000,63453.27000000,30.96301000,1964446.91615260,4002,16.89123000,1071663.42113560
BTCUSDT,1785650400000,1785651299999,63453.27000000,63484.62000000,63449.34000000,63449.35000000,41.28177000,2619902.52794430,7330,25.20300000,1599401.96411170
BTCUSDT,1785651300000,1785652199999,63449.34000000,63498.00000000,63435.99000000,63497.99000000,31.62524000,2007026.51354980,5698,17.95858000,1139821.91944670
BTCUSDT,1785652200000,1785653099999,63497.99000000,63498.15000000,63465.04000000,63498.15000000,37.47394000,2378957.79219430,5967,21.69529000,1377304.97615010
BTCUSDT,1785653100000,1785653999999,63498.15000000,63498.15000000,63482.48000000,63482.49000000,50.01790000,3175622.04008230,4003,18.14635000,1152127.39488280
BTCUSDT,1785654000000,1785654899999,63482.49000000,63492.37000000,63480.00000000,63488.36000000,29.36486000,1864268.89047210,3328,17.80852000,1130587.77528730
BTCUSDT,1785654900000,1785655799999,63488.36000000,63493.97000000,63482.93000000,63493.83000000,113.71427000,7219601.65682370,5260,84.37941000,5357137.04512890
BTCUSDT,1785655800000,1785656699999,63493.83000000,63544.51000000,63491.74000000,63538.12000000,141.00585000,8954240.29372820,6977,111.12615000,7056454.35422650
BTCUSDT,1785656700000,1785657599999,63538.11000000,63538.12000000,63483.76000000,63506.24000000,128.02760000,8129378.05137940,7216,100.63329000,6389720.60711140
BTCUSDT,1785657600000,1785658499999,63506.23000000,63530.00000000,63488.76000000,63494.93000000,128.71806000,8173868.91809840,9082,79.83277000,5069191.28305070
BTCUSDT,1785658500000,1785659399999,63494.93000000,63495.13000000,63386.72000000,63390.95000000,222.13983000,14099877.03303160,11620,155.54753000,9875022.25849510
BTCUSDT,1785659400000,1785660299999,63390.96000000,63390.96000000,63210.69000000,63228.06000000,126.57619000,8011382.10939070,16054,28.57666000,1808669.18701440
BTCUSDT,1785660300000,1785661199999,63228.06000000,63236.00000000,63172.00000000,63193.99000000,65.36378000,4131821.67845310,8667,24.85084000,1570772.92143480
BTCUSDT,1785661200000,1785662099999,63194.00000000,63282.00000000,63094.00000000,63262.18000000,110.70747000,6996000.26832210,17705,64.13392000,4053191.06429060
BTCUSDT,1785662100000,1785662999999,63262.18000000,63308.79000000,63235.00000000,63236.00000000,54.86698000,3471282.12515040,11705,32.49211000,2055655.50290330
BTCUSDT,1785663000000,1785663899999,63236.00000000,63320.00000000,63234.00000000,63267.01000000,40.80829000,2582800.58687620,9945,19.50878000,1234765.14345170
BTCUSDT,1785663900000,1785664799999,63267.00000000,63277.00000000,63255.17000000,63273.94000000,70.72867000,4474903.72369750,5617,27.05732000,1711908.78630150
BTCUSDT,1785664800000,1785665699999,63273.94000000,63273.94000000,63208.01000000,63208.99000000,69.72102000,4408683.25404550,8195,41.93980000,2651882.82432700
BTCUSDT,1785665700000,1785666599999,63208.98000000,63270.00000000,63125.06000000,63140.00000000,72.60259000,4587606.93532740,15131,30.93896000,1955141.48098620
BTCUSDT,1785666600000,1785667499999,63140.00000000,63213.99000000,63140.00000000,63202.02000000,33.40637000,2110874.33485780,7504,19.96523000,1261467.49576310
BTCUSDT,1785667500000,1785668399999,63202.02000000,63205.89000000,63197.00000000,63205.03000000,24.54512000,1551259.70272020,2804,12.67621000,801141.85191360
BTCUSDT,1785668400000,1785669299999,63205.03000000,63205.03000000,63134.07000000,63164.70000000,59.80997000,3777699.21714670,8520,27.39915000,1730419.52782420
BTCUSDT,1785669300000,1785670199999,63164.70000000,63206.00000000,63122.00000000,63160.01000000,106.74008000,6741978.94841850,12994,53.14323000,3356399.69285880
BTCUSDT,1785670200000,1785671099999,63160.00000000,63184.00000000,63100.00000000,63116.00000000,60.61330000,3827636.00398750,17129,26.97623000,1703578.09216050
BTCUSDT,1785671100000,1785671999999,63116.00000000,63170.00000000,62982.38000000,63031.99000000,145.89814000,9202332.66869510,34956,39.30824000,2479381.22016770
BTCUSDT,1785672000000,1785672899999,63031.99000000,63180.00000000,63031.99000000,63177.90000000,54.31846000,3428258.89825280,13020,35.28904000,2227330.38400560
BTCUSDT,1785672900000,1785673799999,63177.90000000,63231.67000000,63152.00000000,63186.00000000,57.94792000,3661750.62182700,15131,40.97097000,2588925.17051570
BTCUSDT,1785673800000,1785674699999,63186.01000000,63212.00000000,63107.70000000,63146.00000000,74.40370000,4700061.64225570,11377,26.84121000,1695610.89770820
BTCUSDT,1785674700000,1785675599999,63145.99000000,63159.41000000,63116.00000000,63125.49000000,61.32855000,3871918.34808030,8523,25.40122000,1603729.99919110
BTCUSDT,1785675600000,1785676499999,63125.49000000,63146.89000000,63095.00000000,63114.02000000,67.40748000,4254254.02481420,7328,39.54581000,2495694.32189200
BTCUSDT,1785676500000,1785677399999,63114.02000000,63115.38000000,63058.00000000,63081.91000000,91.55059000,5775213.18772430,11462,24.48608000,1544596.65453540
BTCUSDT,1785677400000,1785678299999,63081.91000000,63107.00000000,63010.00000000,63093.05000000,59.34540000,3742997.82225560,11422,36.75268000,2318229.65417070
BTCUSDT,1785678300000,1785679199999,63093.05000000,63135.11000000,63093.05000000,63126.92000000,43.82478000,2765983.33764820,8088,29.66566000,1872336.64857190
BTCUSDT,1785679200000,1785680099999,63126.92000000,63126.93000000,63062.00000000,63089.08000000,53.18162000,3354972.88930440,10512,26.56098000,1675523.09038540
BTCUSDT,1785680100000,1785680999999,63089.07000000,63155.00000000,63089.07000000,63128.98000000,68.39222000,4317159.63884250,12064,37.45802000,2364448.55637380
BTCUSDT,1785681000000,1785681899999,63128.97000000,63186.00000000,63096.42000000,63156.54000000,149.27731000,9425102.50528440,15101,78.94804000,4984766.75539500
BTCUSDT,1785681900000,1785682799999,63156.54000000,63156.54000000,63066.31000000,63069.37000000,43.37797000,2737486.54090240,7170,20.07334000,1266505.74956510
BTCUSDT,1785682800000,1785683699999,63069.37000000,63124.00000000,63050.00000000,63124.00000000,52.60032000,3318067.41221830,7031,31.59494000,1993153.74360710
BTCUSDT,1785683700000,1785684599999,63124.00000000,63136.99000000,63102.03000000,63126.00000000,67.76274000,4277243.16573660,7825,29.91033000,1887905.51219700
BTCUSDT,1785684600000,1785685499999,63125.99000000,63186.00000000,63125.99000000,63149.99000000,36.14955000,2282849.88596490,7959,22.76302000,1437457.19895500
BTCUSDT,1785685500000,1785686399999,63149.99000000,63150.00000000,63109.13000000,63109.14000000,34.54071000,2180468.81207130,4448,16.76499000,1058350.61342070
BTCUSDT,1785686400000,1785687299999,63109.13000000,63135.96000000,63064.01000000,63104.00000000,56.85013000,3587237.15375210,13768,20.13928000,1270834.18053400
BTCUSDT,1785687300000,1785688199999,63104.00000000,63132.00000000,63078.00000000,63110.00000000,42.49179000,2681298.86203070,12186,22.63119000,1428037.41671490
BTCUSDT,1785688200000,1785689099999,63110.00000000,63273.49000000,63103.76000000,63222.01000000,116.74365000,7376997.58637000,22860,78.51072000,4960554.25689670
BTCUSDT,1785689100000,1785689999999,63222.01000000,63232.00000000,63180.36000000,63180.36000000,51.87804000,3278727.71055520,12762,25.60577000,1618402.24366430
BTCUSDT,1785690000000,1785690899999,63180.36000000,63219.86000000,63152.00000000,63210.00000000,65.60527000,4144860.53848430,15122,43.44178000,2744486.27303960
BTCUSDT,1785690900000,1785691799999,63210.00000000,63342.00000000,63192.37000000,63282.53000000,74.52925000,4714580.40102060,16888,57.73953000,3652408.43589230
BTCUSDT,1785691800000,1785692699999,63282.53000000,63326.00000000,63282.53000000,63326.00000000,100.81966000,6382563.12499660,12051,46.07605000,2916715.41511200
BTCUSDT,1785692700000,1785693599999,63325.99000000,63332.71000000,63300.28000000,63300.28000000,77.43759000,4902894.36639350,7178,36.42495000,2306374.65455230
BTCUSDT,1785693600000,1785694499999,63300.00000000,63328.90000000,63292.12000000,63312.66000000,69.42240000,4395127.38105590,9190,44.68215000,2828776.60059700
BTCUSDT,1785694500000,1785695399999,63312.66000000,63327.67000000,63290.00000000,63290.00000000,58.80797000,3723306.07159630,5902,38.12656000,2413937.41465510
BTCUSDT,1785695400000,1785696299999,63290.00000000,63610.01000000,63290.00000000,63502.01000000,260.57370000,16533979.79629210,34906,188.08875000,11932692.08212410
BTCUSDT,1785696300000,1785697199999,63502.01000000,63512.00000000,63370.01000000,63382.01000000,130.01138000,8245225.00255960,16181,47.25082000,2996293.67573840
BTCUSDT,1785697200000,1785698099999,63382.01000000,63389.64000000,63346.62000000,63358.07000000,80.88915000,5125710.58394620,13082,49.96779000,3166171.27522700
BTCUSDT,1785698100000,1785698999999,63358.08000000,63373.04000000,63333.33000000,63333.34000000,40.24154000,2549530.48667040,6629,22.55614000,1429061.81219890
BTCUSDT,1785699000000,1785699899999,63333.34000000,63394.00000000,63323.89000000,63393.99000000,36.58991000,2318159.05968420,5609,25.53786000,1617961.63959870
BTCUSDT,1785699900000,1785700799999,63394.00000000,63479.85000000,63393.99000000,63456.01000000,89.63779000,5688078.61938220,13660,52.36557000,3322832.53105200
BTCUSDT,1785700800000,1785701699999,63456.00000000,63470.26000000,63422.00000000,63462.00000000,33.13026000,2101997.47844180,10486,19.58121000,1242382.72673710
BTCUSDT,1785701700000,1785702599999,63462.00000000,63496.00000000,63404.69000000,63409.27000000,31.38492000,1991434.68714940,10922,16.06677000,1019471.49358770
BTCUSDT,1785702600000,1785703499999,63409.27000000,63454.12000000,63409.26000000,63431.14000000,25.44292000,1613900.53797060,6163,16.73415000,1061456.40143980
BTCUSDT,1785703500000,1785704399999,63431.14000000,63501.48000000,63414.01000000,63494.52000000,50.55452000,3209005.38477940,11674,33.99603000,2157928.36431380
BTCUSDT,1785704400000,1785705299999,63494.51000000,63571.98000000,63479.45000000,63527.45000000,93.00068000,5908248.04732300,19356,50.45801000,3205376.96426350
BTCUSDT,1785705300000,1785706199999,63527.45000000,63553.12000000,63512.00000000,63542.85000000,53.74943000,3414630.00106420,8009,32.31821000,2053079.50986720
BTCUSDT,1785706200000,1785707099999,63542.85000000,63781.69000000,63508.60000000,63704.01000000,162.13223000,10318373.84291150,32031,99.01975000,6301016.39782150
BTCUSDT,1785707100000,1785707999999,63704.01000000,63785.00000000,63548.70000000,63578.00000000,148.39522000,9447672.15346520,33314,74.40083000,4737045.70001230
BTCUSDT,1785708000000,1785708899999,63578.01000000,63796.33000000,63578.01000000,63696.27000000,151.09509000,9625840.70494610,42825,80.40513000,5121880.75277380
BTCUSDT,1785708900000,1785709799999,63696.27000000,63790.94000000,63572.23000000,63591.99000000,108.23410000,6890731.42896900,26645,53.08606000,3380040.27430850
BTCUSDT,1785709800000,1785710699999,63592.00000000,63600.39000000,63376.71000000,63518.01000000,159.46592000,10118670.13197490,29792,84.61786000,5369087.29953790
BTCUSDT,1785710700000,1785711599999,63518.00000000,63572.50000000,63424.00000000,63424.58000000,65.34579000,4148449.25727740,13220,34.93868000,2218349.94299610
BTCUSDT,1785711600000,1785712499999,63424.58000000,63457.50000000,63344.00000000,63363.99000000,91.73387000,5814372.00839990,20057,36.94541000,2341779.72533410
BTCUSDT,1785712500000,1785713399999,63363.99000000,63546.88000000,63344.00000000,63542.65000000,128.07208000,8129126.08445740,27528,74.57244000,4733259.50655780
BTCUSDT,1785713400000,1785714299999,63542.65000000,63596.00000000,63490.00000000,63523.33000000,56.72047000,3604168.71363210,16957,26.60155000,1690318.77094770
BTCUSDT,1785714300000,1785715199999,63523.34000000,63575.19000000,63486.01000000,63570.00000000,61.14656000,3884150.93752200,20112,26.50120000,1683433.77913260
BTCUSDT,1785715200000,1785716099999,63570.01000000,63596.00000000,63390.00000000,63425.05000000,97.58770000,6196649.83897050,28416,45.51429000,2890515.42832960
BTCUSDT,1785716100000,1785716999999,63425.05000000,63442.00000000,63250.04000000,63262.84000000,116.30809000,7366480.24531380,25383,41.72516000,2642792.19960220
BTCUSDT,1785717000000,1785717899999,63262.84000000,63425.97000000,63208.30000000,63331.81000000,88.28269000,5590081.47568440,26886,38.69128000,2450252.04346570
BTCUSDT,1785717900000,1785718799999,63331.81000000,63352.00000000,63271.20000000,63317.60000000,55.14494000,3491549.58291370,17801,24.93251000,1578598.27075290
BTCUSDT,1785718800000,1785719699999,63317.61000000,63350.00000000,63180.00000000,63221.18000000,96.81693000,6126652.38556900,27307,43.34855000,2743229.65323480
BTCUSDT,1785719700000,1785720599999,63221.19000000,63260.00000000,63111.10000000,63175.99000000,112.42212000,7102648.37582180,26349,42.92063000,2711640.73308850
BTCUSDT,1785720600000,1785721499999,63175.99000000,63248.00000000,63160.66000000,63219.31000000,72.91849000,4609313.65645730,16884,39.85564000,2519114.40648700
BTCUSDT,1785721500000,1785722399999,63219.32000000,63230.00000000,63162.00000000,63212.16000000,90.15564000,5697330.56414220,14662,42.15217000,2663771.65921940
BTCUSDT,1785722400000,1785723299999,63212.16000000,63233.29000000,63138.93000000,63205.31000000,72.05025000,4552958.56989980,19364,32.22308000,2036149.05944850
BTCUSDT,1785723300000,1785724199999,63205.31000000,63286.00000000,63100.00000000,63128.00000000,96.30390000,6086931.54150880,20371,38.56087000,2437253.90753040
BTCUSDT,1785724200000,1785725099999,63128.01000000,63216.79000000,63108.33000000,63180.40000000,80.88507000,5110382.93543710,16550,53.16285000,3359128.00480700
BTCUSDT,1785725100000,1785725999999,63180.39000000,63196.00000000,63120.01000000,63141.40000000,84.95037000,5366172.10507610,11763,46.91058000,2963405.90655880
BTCUSDT,1785726000000,1785726899999,63141.39000000,63168.44000000,63100.00000000,63116.00000000,66.48409000,4196919.73648770,14779,37.19722000,2347959.08175000
BTCUSDT,1785726900000,1785727799999,63116.00000000,63138.37000000,63062.98000000,63080.01000000,103.45743000,6527209.53013030,14041,50.73914000,3201088.91745220
BTCUSDT,1785727800000,1785728699999,63080.01000000,63089.98000000,63039.99000000,63062.93000000,98.65630000,6221686.48378830,12208,44.32026000,2794993.82679490
BTCUSDT,1785728700000,1785729599999,63062.93000000,63065.89000000,62786.04000000,62870.49000000,247.86641000,15596864.37687340,33972,77.03670000,4846075.37531750
BTCUSDT,1785729600000,1785730499999,62870.48000000,62938.55000000,62816.34000000,62865.93000000,116.58446000,7332243.63628270,19176,70.05558000,4405865.27003370
BTCUSDT,1785730500000,1785731399999,62865.93000000,62978.11000000,62865.92000000,62972.67000000,51.17981000,3221236.78305070,11306,36.58563000,2302596.49274910
BTCUSDT,1785731400000,1785732299999,62972.67000000,63001.77000000,62965.00000000,62981.99000000,63.96012000,4028703.25162420,8247,44.05845000,2775174.58277270
BTCUSDT,1785732300000,1785733199999,62981.99000000,62982.00000000,62770.37000000,62790.00000000,88.69324000,5575954.09813260,13192,31.77704000,1997490.79913560
BTCUSDT,1785733200000,1785734099999,62790.00000000,62871.13000000,62751.30000000,62852.01000000,129.52292000,8135714.68537370,16381,60.21130000,3781884.38284850
BTCUSDT,1785734100000,1785734999999,62852.01000000,62875.02000000,62802.00000000,62816.00000000,255.44536000,16051823.64885720,14859,131.71490000,8276600.26170080
BTCUSDT,1785735000000,1785735899999,62816.01000000,62849.98000000,62774.88000000,62808.75000000,76.42435000,4800129.06099690,12149,48.71215000,3059397.70380110
BTCUSDT,1785735900000,1785736799999,62808.75000000,62862.92000000,62807.67000000,62827.17000000,85.29943000,5359929.26218350,13637,62.22699000,3909939.03078420
BTCUSDT,1785736800000,1785737699999,62827.17000000,62872.58000000,62823.20000000,62846.00000000,65.56355000,4120531.93995190,11933,35.62339000,2238892.59876690
BTCUSDT,1785737700000,1785738599999,62846.01000000,62850.00000000,62759.82000000,62793.17000000,81.11909000,5093977.59826730,14089,29.31133000,1840703.53454670
BTCUSDT,1785738600000,1785739499999,62793.17000000,62841.01000000,62640.00000000,62640.01000000,141.45792000,8871400.28188730,25181,51.69383000,3241810.65217030
BTCUSDT,1785739500000,1785740399999,62640.01000000,62683.50000000,62613.00000000,62623.60000000,108.17785000,6777677.24912690,19890,49.67833000,3112456.72909780
BTCUSDT,1785740400000,1785741299999,62623.60000000,62676.85000000,62592.00000000,62599.99000000,629.92463000,39454425.25631270,26484,267.83477000,16776094.45563920
BTCUSDT,1785741300000,1785742199999,62599.99000000,62674.64000000,62552.04000000,62639.96000000,237.66196000,14882585.90001630,21189,143.83412000,9007687.93688220
BTCUSDT,1785742200000,1785743099999,62639.95000000,62700.00000000,62603.10000000,62643.92000000,133.73697000,8378986.53799100,13896,93.20070000,5839159.05711980
BTCUSDT,1785743100000,1785743999999,62643.93000000,62675.31000000,62580.47000000,62621.10000000,263.40471000,16498591.07806140,12433,103.12267000,6458456.66984460
BTCUSDT,1785744000000,1785744899999,62621.10000000,62647.69000000,62516.01000000,62566.01000000,83.25688000,5209503.65773160,12650,39.12738000,2448211.27073380
BTCUSDT,1785744900000,1785745799999,62566.01000000,62569.30000000,62326.00000000,62340.01000000,254.60838000,15891185.38745220,41148,104.95570000,6548695.78836450
BTCUSDT,1785745800000,1785746699999,62340.00000000,62439.36000000,62300.00000000,62439.35000000,196.22958000,12238269.48265990,29274,107.16111000,6684292.53640710
BTCUSDT,1785746700000,1785747599999,62439.36000000,62541.50000000,62436.23000000,62541.50000000,123.23638000,7699840.61990790,14427,78.63162000,4912679.44100630
BTCUSDT,1785747600000,1785748499999,62541.50000000,62590.20000000,62520.00000000,62571.24000000,206.73227000,12931683.09857810,16179,127.93803000,8002594.93844880
BTCUSDT,1785748500000,1785749399999,62571.25000000,62667.04000000,62571.25000000,62653.36000000,95.18715000,5961531.74246010,15349,70.72434000,4429385.08484210
BTCUSDT,1785749400000,1785750299999,62653.36000000,62707.50000000,62628.00000000,62692.49000000,104.78467000,6566330.01745600,13848,65.18987000,4084911.19945450
BTCUSDT,1785750300000,1785751199999,62692.48000000,62863.10000000,62692.48000000,62837.40000000,178.70666000,11217288.51104920,17115,139.83412000,8776830.71415410
BTCUSDT,1785751200000,1785752099999,62837.40000000,62860.00000000,62766.66000000,62788.01000000,107.41963000,6745974.46731190,14519,60.36002000,3790499.11800270
BTCUSDT,1785752100000,1785752999999,62788.01000000,62833.68000000,62742.01000000,62742.02000000,153.19310000,9618486.87431240,14606,89.77130000,5636317.45875110
BTCUSDT,1785753000000,1785753899999,62742.02000000,62742.02000000,62674.00000000,62708.86000000,75.51549000,4734509.06243780,11648,37.36295000,2342408.07263790
BTCUSDT,1785753900000,1785754799999,62708.86000000,62782.00000000,62615.11000000,62742.01000000,107.68113000,6753425.19314180,17759,43.73679000,2742692.03479620
BTCUSDT,1785754800000,1785755699999,62742.01000000,62744.00000000,62585.16000000,62646.02000000,68.10254000,4267038.82566950,17345,27.68798000,1734752.53578250
BTCUSDT,1785755700000,1785756599999,62646.01000000,62773.99000000,62640.00000000,62704.09000000,59.70978000,3745751.31851570,12071,34.71687000,2177804.68232830
BTCUSDT,1785756600000,1785757499999,62704.09000000,62778.92000000,62669.86000000,62697.40000000,53.42668000,3351292.12401770,11529,25.78046000,1617216.44744780
BTCUSDT,1785757500000,1785758399999,62697.40000000,62700.00000000,62540.95000000,62560.01000000,101.02551000,6325988.74360640,20970,40.53790000,2538991.47504040
BTCUSDT,1785758400000,1785759299999,62560.01000000,62612.00000000,62445.26000000,62555.59000000,156.00757000,9753631.40939830,33678,74.71171000,4671564.21141420
BTCUSDT,1785759300000,1785760199999,62555.60000000,62694.00000000,62550.00000000,62630.93000000,99.45070000,6227443.00185030,20677,50.31421000,3150592.81673600
BTCUSDT,1785760200000,1785761099999,62630.92000000,62767.32000000,62614.99000000,62767.32000000,100.22948000,6280933.00270410,18928,64.32010000,4030948.52744240
BTCUSDT,1785761100000,1785761999999,62767.32000000,62799.30000000,62690.88000000,62700.00000000,81.54488000,5115599.60146530,17564,36.64258000,2298674.21038730
BTCUSDT,1785762000000,1785762899999,62700.01000000,62786.81000000,62700.00000000,62782.46000000,110.27168000,6918369.27461860,18321,56.26193000,3529544.53124790
BTCUSDT,1785762900000,1785763799999,62782.46000000,62998.00000000,62720.01000000,62769.00000000,192.00617000,12072984.22079390,34483,98.75473000,6209578.63512490
BTCUSDT,1785763800000,1785764699999,62769.00000000,62940.00000000,62562.42000000,62928.57000000,367.61184000,23080899.44103870,86035,205.32649000,12895037.61591880
BTCUSDT,1785764700000,1785765599999,62928.57000000,63390.00000000,62810.93000000,63351.09000000,451.50164000,28501415.86068730,93271,265.47589000,16760378.31281330
BTCUSDT,1785765600000,1785766499999,63351.09000000,63444.00000000,63136.00000000,63320.65000000,354.94712000,22462958.45238870,72961,175.13472000,11084578.75743490
BTCUSDT,1785766500000,1785767399999,63320.66000000,63795.00000000,63170.00000000,63766.01000000,704.62291000,44731226.22204170,101246,458.14551000,29089521.34437750
BTCUSDT,1785767400000,1785768299999,63766.00000000,63910.00000000,63631.11000000,63783.15000000,764.47113000,48759335.42403830,111995,488.44532000,31153669.01992430
BTCUSDT,1785768300000,1785769199999,63783.14000000,63992.71000000,63659.06000000,63967.19000000,563.78267000,35994030.94405300,86782,399.30972000,25493093.47629040
BTCUSDT,1785769200000,1785770099999,63967.19000000,63989.75000000,63764.18000000,63821.23000000,509.31869000,32531870.68709580,74694,304.79205000,19470128.98569770
BTCUSDT,1785770100000,1785770999999,63821.24000000,63862.37000000,63680.00000000,63715.08000000,316.51708000,20186804.19597940,62545,160.66326000,10247542.86660130
BTCUSDT,1785771000000,1785771899999,63715.07000000,63910.00000000,63709.27000000,63791.70000000,325.03996000,20737260.58693520,61627,176.15447000,11239159.55613690
BTCUSDT,1785771900000,1785772799999,63791.70000000,63848.00000000,63646.59000000,63694.91000000,217.66231000,13875420.19999100,37746,85.17602000,5430805.87481520
BTCUSDT,1785772800000,1785773699999,63694.90000000,63897.64000000,63664.00000000,63807.58000000,359.36970000,22923566.75379590,58854,176.53303000,11261868.62734370
BTCUSDT,1785773700000,1785774599999,63807.58000000,63939.99000000,63802.00000000,63903.78000000,193.63881000,12369763.35100660,39800,104.35251000,6665530.37143270
BTCUSDT,1785774600000,1785775499999,63903.78000000,63903.78000000,63710.71000000,63766.80000000,120.31783000,7677178.78319970,25648,41.89834000,2673024.24882370
BTCUSDT,1785775500000,1785776399999,63766.88000000,63879.94000000,63744.00000000,63776.46000000,126.75316000,8086708.93941840,20554,57.07572000,3641415.17120210
BTCUSDT,1785776400000,1785777299999,63776.46000000,63863.48000000,63714.55000000,63850.00000000,101.17994000,6454601.08470370,26995,44.98772000,2870136.31206170
BTCUSDT,1785777300000,1785778199999,63849.99000000,64059.75000000,63816.00000000,63828.00000000,300.08161000,19185683.33431930,35837,162.46154000,10389285.81449970
BTCUSDT,1785778200000,1785779099999,63828.00000000,63930.81000000,63793.21000000,63900.01000000,115.95129000,7405916.82871890,24554,54.86441000,3504304.64033750
BTCUSDT,1785779100000,1785779999999,63900.00000000,63956.67000000,63868.47000000,63906.00000000,110.89376000,7087349.07337280,19566,38.44516000,2457023.41181430
BTCUSDT,1785780000000,1785780899999,63905.99000000,64000.00000000,63870.04000000,63966.13000000,95.35318000,6096112.09227670,23863,47.68674000,3048767.76362850
BTCUSDT,1785780900000,1785781799999,63966.12000000,63988.00000000,63814.05000000,63849.36000000,87.36622000,5583328.74018370,22301,31.16698000,1991535.87819900
BTCUSDT,1785781800000,1785782699999,63849.37000000,63926.81000000,63810.00000000,63852.00000000,94.85856000,6058181.30551780,22849,51.05440000,3260405.66541190
BTCUSDT,1785782700000,1785783599999,63852.00000000,63919.31000000,63768.00000000,63870.87000000,90.46681000,5776367.21641780,19513,47.17753000,3011960.22053390
BTCUSDT,1785783600000,1785784499999,63870.87000000,63932.17000000,63846.00000000,63920.00000000,82.95967000,5300285.97526500,21807,47.11005000,3009670.29325820
BTCUSDT,1785784500000,1785785399999,63920.00000000,64012.00000000,63920.00000000,63967.99000000,126.29083000,8077916.22865750,25698,48.52930000,3104204.16193730
BTCUSDT,1785785400000,1785786299999,63968.00000000,64080.00000000,63864.27000000,63954.71000000,182.46183000,11673686.50109950,32595,83.08205000,5315553.57626360
BTCUSDT,1785786300000,1785787199999,63954.71000000,63975.34000000,63861.08000000,63869.38000000,153.46950000,9811074.16761720,20545,59.40603000,3797609.38477150
BTCUSDT,1785787200000,1785788099999,63869.38000000,63957.51000000,63816.65000000,63897.98000000,103.34332000,6601146.14412080,20044,50.47519000,3224465.03743210
BTCUSDT,1785788100000,1785788999999,63897.98000000,64023.61000000,63896.71000000,63958.99000000,122.14249000,7812375.62226410,21701,65.79456000,4207761.35987930
BTCUSDT,1785789000000,1785789899999,63958.99000000,63958.99000000,63907.70000000,63926.10000000,98.95259000,6325534.79075780,8387,55.13919000,3524529.85716970
BTCUSDT,1785789900000,1785790799999,63926.10000000,63926.10000000,63769.92000000,63775.43000000,174.55520000,11140725.57693640,15494,40.64729000,2593320.22282720
BTCUSDT,1785790800000,1785791699999,63775.43000000,63787.25000000,63712.23000000,63722.47000000,162.91243000,10384123.00565360,13102,83.80165000,5341460.52866200
BTCUSDT,1785791700000,1785792599999,63722.48000000,63791.98000000,63687.41000000,63730.01000000,103.76547000,6612245.21252350,16492,45.97206000,2929531.90011100
BTCUSDT,1785792600000,1785793499999,63730.01000000,63734.09000000,63670.00000000,63681.47000000,73.31068000,4669761.02121800,15332,22.46721000,1430868.88839760
BTCUSDT,1785793500000,1785794399999,63681.48000000,63681.48000000,63548.00000000,63590.15000000,87.96156000,5596183.76659360,17623,31.82065000,2024397.45755840
BTCUSDT,1785794400000,1785795299999,63590.15000000,63611.59000000,63392.01000000,63498.20000000,214.46028000,13614249.00049850,26854,71.12773000,4515996.50600390
BTCUSDT,1785795300000,1785796199999,63498.20000000,63680.00000000,63498.19000000,63535.63000000,95.86469000,6094103.85733690,22015,51.03992000,3244387.14468500
BTCUSDT,1785796200000,1785797099999,63535.63000000,63565.23000000,63496.18000000,63509.53000000,76.20044000,4840550.86484530,17278,41.23966000,2619656.09164300
BTCUSDT,1785797100000,1785797999999,63509.54000000,63638.36000000,63509.54000000,63618.00000000,35.95746000,2286360.75721540,12093,19.58909000,1245456.75357530
BTCUSDT,1785798000000,1785798899999,63618.01000000,63618.01000000,63528.01000000,63542.36000000,57.38908000,3648187.31595960,15735,28.71328000,1825070.66323970
BTCUSDT,1785798900000,1785799799999,63542.37000000,63621.35000000,63527.38000000,63572.00000000,244.87296000,15563105.64159020,16963,73.34710000,4660813.80469240
BTCUSDT,1785799800000,1785800699999,63572.00000000,63572.01000000,63465.43000000,63500.32000000,93.50737000,5937998.57781520,10775,28.02248000,1779190.50727730
BTCUSDT,1785800700000,1785801599999,63500.31000000,63523.70000000,63483.99000000,63520.00000000,64.44026000,4092121.10130150,9729,30.79804000,1955676.95829950
BTCUSDT,1785801600000,1785802499999,63520.00000000,63585.09000000,63469.90000000,63469.91000000,93.32226000,5928764.67063330,22768,42.33702000,2689807.26658160
BTCUSDT,1785802500000,1785803399999,63469.91000000,63497.97000000,63390.21000000,63462.22000000,206.97065000,13129623.23396260,25375,145.96087000,9259202.93316280
BTCUSDT,1785803400000,1785804299999,63462.22000000,63462.22000000,63343.19000000,63399.99000000,151.97351000,9634470.65288960,30261,82.04501000,5201461.58934870
BTCUSDT,1785804300000,1785805199999,63400.00000000,63477.94000000,63322.01000000,63361.99000000,83.96766000,5322597.53890420,25290,29.16701000,1848813.26856570
BTCUSDT,1785805200000,1785806099999,63362.00000000,63497.54000000,63361.99000000,63476.82000000,94.62216000,6002688.76680960,24686,56.50501000,3584375.75377690
BTCUSDT,1785806100000,1785806999999,63476.83000000,63574.71000000,63420.75000000,63525.99000000,273.84497000,17392188.60700720,25413,121.57008000,7720110.62698700
BTCUSDT,1785807000000,1785807899999,63526.00000000,63927.99000000,63526.00000000,63810.00000000,245.54378000,15649024.99599390,55333,159.47572000,10163703.32051490
BTCUSDT,1785807900000,1785808799999,63810.00000000,63882.80000000,63740.98000000,63847.93000000,194.62178000,12421249.34899320,33063,142.90974000,9120500.76181670
BTCUSDT,1785808800000,1785809699999,63847.92000000,63867.95000000,63758.36000000,63772.01000000,222.32934000,14184950.69259120,22341,142.04996000,9062708.73057880
BTCUSDT,1785809700000,1785810599999,63772.01000000,63808.79000000,63688.00000000,63693.56000000,193.79035000,12355324.57479270,21183,72.65693000,4631406.44550780
BTCUSDT,1785810600000,1785811499999,63693.56000000,63972.00000000,63686.44000000,63902.02000000,139.99613000,8939720.71838070,25594,85.72388000,5473447.92025260
BTCUSDT,1785811500000,1785812399999,63902.02000000,63926.43000000,63807.35000000,63822.44000000,40.09326000,2560222.97520200,10563,17.22770000,1099919.31830270
BTCUSDT,1785812400000,1785813299999,63822.45000000,63836.00000000,63690.18000000,63690.18000000,52.72054000,3362426.52760680,11462,23.44641000,1495456.06274560
BTCUSDT,1785813300000,1785814199999,63690.19000000,63792.00000000,63649.00000000,63774.00000000,101.05996000,6438420.18568600,17372,62.22868000,3964150.82872610
BTCUSDT,1785814200000,1785815099999,63773.99000000,63860.00000000,63773.99000000,63836.03000000,106.03799000,6767224.15532760,11518,62.67300000,3999739.22976550
BTCUSDT,1785815100000,1785815999999,63836.03000000,63837.79000000,63800.01000000,63800.01000000,83.31436000,5317184.87514970,9300,38.78488000,2475304.40653350
BTCUSDT,1785816000000,1785816899999,63800.01000000,63827.84000000,63762.00000000,63802.00000000,141.45722000,9023941.61840840,8643,97.90838000,6245485.56679900
BTCUSDT,1785816900000,1785817799999,63802.01000000,63875.01000000,63797.04000000,63834.02000000,139.87825000,8929186.93768320,12613,62.42475000,3984796.49688380
BTCUSDT,1785817800000,1785818699999,63834.01000000,64054.00000000,63834.01000000,64054.00000000,187.65484000,12005985.34105840,24498,120.38891000,7702498.70511210
BTCUSDT,1785818700000,1785819599999,64054.00000000,64243.81000000,64029.00000000,64029.00000000,326.10013000,20919801.24040710,35900,155.13202000,9952245.07137200
BTCUSDT,1785819600000,1785820499999,64029.01000000,64056.00000000,63840.36000000,63840.37000000,98.45597000,6295044.75066370,21180,23.64808000,1512121.17455810
BTCUSDT,1785820500000,1785821399999,63840.36000000,63890.00000000,63812.50000000,63817.63000000,56.29943000,3595298.38335250,15381,25.28357000,1614599.64563630
BTCUSDT,1785821400000,1785822299999,63817.64000000,63862.00000000,63810.00000000,63861.99000000,39.84653000,2543658.97063170,11810,21.89891000,1397970.72484670
BTCUSDT,1785822300000,1785823199999,63861.99000000,63862.00000000,63788.23000000,63818.48000000,112.14443000,7156449.82623590,13698,48.14275000,3072191.90154860
BTCUSDT,1785823200000,1785824099999,63818.47000000,63847.82000000,63774.91000000,63804.89000000,78.27903000,4995333.29391010,13903,18.94925000,1209274.35703370
BTCUSDT,1785824100000,1785824999999,63804.89000000,63859.71000000,63761.00000000,63764.07000000,65.47674000,4178906.56292780,11948,31.04512000,1981476.63898510
BTCUSDT,1785825000000,1785825899999,63764.07000000,63780.70000000,63693.77000000,63706.00000000,68.96364000,4394978.22636610,12698,29.87389000,1903668.56890190
BTCUSDT,1785825900000,1785826799999,63706.00000000,63706.00000000,63654.16000000,63670.00000000,109.10308000,6946520.71972620,10005,67.15691000,4275759.96075010
BTCUSDT,1785826800000,1785827699999,63670.00000000,63670.00000000,63588.00000000,63595.55000000,61.96936000,3943300.94054360,9635,13.33996000,848853.84663920
BTCUSDT,1785827700000,1785828599999,63595.56000000,63651.01000000,63506.78000000,63645.10000000,344.03573000,21866912.46396220,16166,194.88764000,12387955.06895540
BTCUSDT,1785828600000,1785829499999,63645.10000000,63763.63000000,63645.10000000,63660.00000000,219.08227000,13953066.94262490,21111,63.88099000,4068733.89035430
BTCUSDT,1785829500000,1785830399999,63660.00000000,63756.00000000,63659.99000000,63685.74000000,154.70816000,9856269.51081660,13853,60.00588000,3822690.43369470
BTCUSDT,1785830400000,1785831299999,63685.73000000,63748.22000000,63630.00000000,63646.98000000,126.29237000,8045098.31976950,11697,94.46396000,6017651.83336020
BTCUSDT,1785831300000,1785832199999,63646.97000000,63660.00000000,63589.55000000,63626.10000000,65.17919000,4146672.47831670,10876,34.07826000,2168004.05519100
BTCUSDT,1785832200000,1785833099999,63626.11000000,63626.11000000,63564.99000000,63620.00000000,152.27884000,9682305.53486460,10461,113.95753000,7245700.39829010
BTCUSDT,1785833100000,1785833999999,63620.00000000,63625.45000000,63581.29000000,63588.94000000,68.39814000,4349914.01590530,8797,40.43776000,2571523.99874060
BTCUSDT,1785834000000,1785834899999,63589.04000000,63589.04000000,63540.01000000,63550.00000000,136.48788000,8675969.95675890,10889,45.60576000,2898771.94456110
BTCUSDT,1785834900000,1785835799999,63550.00000000,63597.56000000,63516.43000000,63578.09000000,59.75761000,3798579.36340630,11558,25.18539000,1600939.48881410
BTCUSDT,1785835800000,1785836699999,63578.08000000,63595.99000000,63532.58000000,63576.66000000,42.44636000,2698004.46883120,9888,21.08560000,1340162.68954230
BTCUSDT,1785836700000,1785837599999,63576.66000000,63610.00000000,63550.00000000,63603.73000000,117.99324000,7502703.32128700,9489,55.91626000,3555518.20840930
BTCUSDT,1785837600000,1785838499999,63603.73000000,63613.34000000,63507.51000000,63510.86000000,186.24618000,11834326.79963830,17772,42.53219000,2702333.67371760
BTCUSDT,1785838500000,1785839399999,63510.86000000,63570.00000000,63451.80000000,63470.00000000,142.87666000,9073459.55159060,21640,59.80204000,3797253.48986770
BTCUSDT,1785839400000,1785840299999,63470.00000000,63667.34000000,63465.00000000,63666.51000000,88.51907000,5622885.44077940,20892,60.68041000,3854667.38141460
BTCUSDT,1785840300000,1785841199999,63666.51000000,63842.00000000,63652.12000000,63764.00000000,196.19149000,12509455.57824170,42499,110.23863000,7028129.50798000
BTCUSDT,1785841200000,1785842099999,63763.99000000,63804.52000000,63718.30000000,63746.00000000,74.27309000,4735815.71053800,21370,41.45186000,2643063.99478430
BTCUSDT,1785842100000,1785842999999,63745.99000000,63866.00000000,63712.00000000,63783.32000000,75.85938000,4838253.24707510,19282,34.04491000,2171155.08270920
BTCUSDT,1785843000000,1785843899999,63783.32000000,63894.99000000,63720.00000000,63876.59000000,86.19645000,5497960.09083370,23064,56.90326000,3629965.71899180
BTCUSDT,1785843900000,1785844799999,63876.58000000,63950.00000000,63840.52000000,63926.00000000,221.44306000,14154194.71194400,27960,98.38842000,6288548.79810340
BTCUSDT,1785844800000,1785845699999,63926.00000000,63926.00000000,63811.41000000,63811.42000000,117.26035000,7488251.31720260,18711,52.73971000,3368276.29448990
BTCUSDT,1785845700000,1785846599999,63811.42000000,63836.00000000,63788.00000000,63834.60000000,105.65247000,6741679.75392840,17923,39.82100000,2541026.46163810
BTCUSDT,1785846600000,1785847499999,63834.60000000,64062.46000000,63814.57000000,63966.00000000,230.96954000,14775055.41435020,33296,162.03261000,10364935.78524250
BTCUSDT,1785847500000,1785848399999,63966.01000000,64008.24000000,63906.40000000,63906.41000000,92.66301000,5925684.01029170,19481,58.77651000,3758611.34022360
BTCUSDT,1785848400000,1785849299999,63906.41000000,64015.22000000,63845.68000000,63945.30000000,132.02666000,8443434.55800140,24169,81.89241000,5237731.37547130
BTCUSDT,1785849300000,1785850199999,63945.30000000,64023.45000000,63860.19000000,63890.82000000,166.32101000,10633504.06093820,26879,103.77127000,6634531.28746320
BTCUSDT,1785850200000,1785851099999,63890.82000000,64097.74000000,63819.48000000,64013.80000000,381.48807000,24416681.45488540,76451,217.36418000,13911851.35482620
BTCUSDT,1785851100000,1785851999999,64013.80000000,64013.80000000,63656.00000000,63683.94000000,373.06781000,23808647.75479990,71686,196.03466000,12511477.14944710
BTCUSDT,1785852000000,1785852899999,63683.95000000,63926.00000000,63615.38000000,63803.16000000,233.58155000,14890436.87024190,56974,156.31055000,9964100.94258540
BTCUSDT,1785852900000,1785853799999,63803.16000000,63903.02000000,63618.01000000,63887.51000000,181.79947000,11590950.57961460,55900,103.90951000,6624881.49216250
BTCUSDT,1785853800000,1785854699999,63887.51000000,64180.00000000,63860.00000000,64124.84000000,304.47114000,19496655.85068090,63976,193.58014000,12396350.87440700
BTCUSDT,1785854700000,1785855599999,64124.84000000,64193.54000000,64058.00000000,64128.72000000,160.07376000,10261605.52290870,46610,88.59080000,5678800.71811540
BTCUSDT,1785855600000,1785856499999,64128.73000000,64218.07000000,64000.00000000,64065.94000000,284.28320000,18231585.05225770,49547,176.87102000,11343625.59174760
BTCUSDT,1785856500000,1785857399999,64065.94000000,64066.00000000,63930.75000000,63953.13000000,109.74763000,7025890.76194650,26805,60.94795000,3902021.13004340
BTCUSDT,1785857400000,1785858299999,63953.13000000,64126.55000000,63814.29000000,64126.54000000,231.05932000,14772731.19633200,44909,122.62977000,7841162.69442870
BTCUSDT,1785858300000,1785859199999,64126.54000000,64238.00000000,64088.00000000,64125.14000000,251.02765000,16110632.13595260,47043,145.25365000,9322142.09239870
BTCUSDT,1785859200000,1785860099999,64125.14000000,64130.00000000,63970.00000000,64033.59000000,124.98643000,8005806.09830370,32403,58.84393000,3768558.28209080
BTCUSDT,1785860100000,1785860999999,64033.60000000,64115.71000000,64008.00000000,64032.00000000,118.20237000,7572203.48195320,29212,59.18090000,3791019.61489540
BTCUSDT,1785861000000,1785861899999,64032.00000000,64060.41000000,63897.22000000,63945.53000000,111.82712000,7154331.83288370,27410,53.68337000,3434272.85190510
BTCUSDT,1785861900000,1785862799999,63945.54000000,64016.00000000,63909.96000000,63950.93000000,191.38714000,12238488.45640990,25295,82.17969000,5254895.32509060
BTCUSDT,1785862800000,1785863699999,63950.94000000,64184.00000000,63950.93000000,64067.53000000,312.38605000,20010016.33499960,42064,158.32827000,10140751.56216760
BTCUSDT,1785863700000,1785864599999,64067.54000000,64176.58000000,64029.78000000,64156.71000000,190.94535000,12239900.85902590,29128,137.23733000,8798356.87299670
BTCUSDT,1785864600000,1785865499999,64156.72000000,64178.83000000,64090.90000000,64094.81000000,85.12530000,5459652.80574450,32214,41.17949000,2641186.54730050
BTCUSDT,1785865500000,1785866399999,64094.81000000,64100.77000000,63892.00000000,63972.09000000,131.31838000,8403164.57223960,34049,62.69189000,4011229.94489640
BTCUSDT,1785866400000,1785867299999,63972.09000000,64220.00000000,63965.73000000,64219.99000000,130.69790000,8380778.31823910,27403,87.24659000,5594689.70918620
BTCUSDT,1785867300000,1785868199999,64219.99000000,64400.00000000,64200.00000000,64364.18000000,306.78324000,19734084.61648070,57508,192.43929000,12378014.89937700
BTCUSDT,1785868200000,1785869099999,64364.19000000,64400.00000000,64212.61000000,64296.34000000,142.26644000,9150121.38455320,38688,77.89758000,5010467.40399870
BTCUSDT,1785869100000,1785869999999,64296.34000000,64326.00000000,64273.84000000,64305.99000000,113.59914000,7304695.26602400,25094,51.26079000,3296059.72532450
BTCUSDT,1785870000000,1785870899999,64305.99000000,64371.04000000,64286.76000000,64350.18000000,144.12685000,9270753.83062540,27563,80.36182000,5169131.05316550
BTCUSDT,1785870900000,1785871799999,64350.18000000,64368.65000000,64265.48000000,64284.93000000,83.57090000,5373865.31586420,17653,30.48885000,1960601.75667340
BTCUSDT,1785871800000,1785872699999,64284.93000000,64413.21000000,64257.46000000,64380.00000000,162.21731000,10436286.76179090,30569,106.07345000,6824011.16592280
BTCUSDT,1785872700000,1785873599999,64380.00000000,64392.00000000,64193.57000000,64233.36000000,144.90878000,9317477.13754850,21757,57.58411000,3702336.72945520
BTCUSDT,1785873600000,1785874499999,64233.35000000,64247.40000000,64115.68000000,64175.52000000,138.28004000,8873518.33169620,22889,66.37675000,4258953.79539940
BTCUSDT,1785874500000,1785875399999,64175.52000000,64175.52000000,64001.68000000,64124.33000000,154.24878000,9883411.41728780,27610,73.66019000,4719077.76526550
BTCUSDT,1785875400000,1785876299999,64124.33000000,64420.00000000,64124.33000000,64392.01000000,203.27702000,13072951.22807500,32213,118.94698000,7648961.90001790
BTCUSDT,1785876300000,1785877199999,64392.00000000,64392.00000000,64304.61000000,64341.00000000,62.54654000,4024114.34202920,14197,25.89108000,1665665.47325070
BTCUSDT,1785877200000,1785878099999,64341.00000000,64341.99000000,64200.29000000,64223.88000000,91.01626000,5851532.90656900,16715,29.90639000,1922367.82690620
BTCUSDT,1785878100000,1785878999999,64223.88000000,64285.25000000,64192.01000000,64255.60000000,38.40478000,2466984.01131310,15276,18.17029000,1167030.17849130
BTCUSDT,1785879000000,1785879899999,64255.60000000,64270.00000000,64199.00000000,64248.15000000,38.11183000,2448344.52463400,12100,16.47233000,1058048.09105270
BTCUSDT,1785879900000,1785880799999,64248.14000000,64256.00000000,64175.52000000,64194.00000000,53.20321000,3416043.08737540,16841,21.22566000,1362785.21204860
BTCUSDT,1785880800000,1785881699999,64193.99000000,64226.90000000,64140.00000000,64226.01000000,47.74968000,3065089.45245920,13930,23.47976000,1507055.58337600
BTCUSDT,1785881700000,1785882599999,64226.00000000,64265.67000000,64171.55000000,64259.67000000,55.28349000,3550343.86147920,14217,27.25899000,1750490.16701510
BTCUSDT,1785882600000,1785883499999,64259.68000000,64293.91000000,64215.96000000,64216.01000000,38.90734000,2500038.36853140,7923,14.12543000,907622.53526420
BTCUSDT,1785883500000,1785884399999,64216.01000000,64270.62000000,64176.93000000,64270.61000000,39.59183000,2542640.16911440,8856,22.31859000,1433275.19883520
BTCUSDT,1785884400000,1785885299999,64270.62000000,64474.92000000,64213.31000000,64425.99000000,133.07280000,8565839.29680060,26608,82.78253000,5328957.09719300
BTCUSDT,1785885300000,1785886199999,64425.99000000,64549.16000000,64175.52000000,64175.52000000,280.26469000,18062782.56061590,43635,199.13826000,12836260.40235750
BTCUSDT,1785886200000,1785887099999,64175.53000000,64263.62000000,64144.69000000,64214.90000000,80.36014000,5158538.96231660,20153,43.78158000,2810310.37980500
BTCUSDT,1785887100000,1785887999999,64214.90000000,64223.68000000,64081.26000000,64106.56000000,58.21680000,3734120.57012750,13808,26.22461000,1682078.29345870
BTCUSDT,1785888000000,1785888899999,64106.55000000,64106.56000000,64017.30000000,64036.00000000,110.70859000,7091297.98174410,22610,31.46758000,2015666.22355990
BTCUSDT,1785888900000,1785889799999,64036.00000000,64068.00000000,64008.65000000,64068.00000000,195.35958000,12509358.73549620,18712,120.55151000,7719233.11736610
BTCUSDT,1785889800000,1785890699999,64068.00000000,64193.25000000,64024.00000000,64072.00000000,143.27707000,9185355.77061670,26209,67.67686000,4338517.08103980
BTCUSDT,1785890700000,1785891599999,64072.00000000,64072.00000000,63978.44000000,63988.00000000,200.44075000,12829161.50568290,19877,107.76533000,6896852.38106460
BTCUSDT,1785891600000,1785892499999,63988.00000000,64028.93000000,63950.00000000,64010.00000000,110.66648000,7081429.03476430,17487,64.27965000,4112999.72040210
BTCUSDT,1785892500000,1785893399999,64010.00000000,64118.64000000,63954.18000000,64112.69000000,96.86538000,6203411.75668530,21424,49.81293000,3189966.86787680
BTCUSDT,1785893400000,1785894299999,64112.68000000,64298.34000000,64112.68000000,64182.04000000,117.44839000,7539322.14940800,22212,67.48342000,4331836.79826000
BTCUSDT,1785894300000,1785895199999,64182.04000000,64346.00000000,64182.03000000,64333.84000000,68.04713000,4374865.08613710,17602,42.65722000,2742275.46798710
BTCUSDT,1785895200000,1785896099999,64333.85000000,64504.00000000,64333.85000000,64460.13000000,184.38149000,11880634.99260620,43399,93.28430000,6010308.45104790
BTCUSDT,1785896100000,1785896999999,64460.14000000,64486.00000000,64322.59000000,64420.08000000,169.99873000,10948637.42514730,32858,89.85105000,5786847.33723890
BTCUSDT,1785897000000,1785897899999,64420.09000000,64484.00000000,64412.56000000,64433.06000000,106.85483000,6885903.04860940,20631,54.48952000,3511353.07963860
BTCUSDT,1785897900000,1785898799999,64433.16000000,64449.99000000,64367.21000000,64368.26000000,101.48549000,6537543.81268060,18922,54.86886000,3534385.03837310
BTCUSDT,1785898800000,1785899699999,64368.27000000,64446.00000000,64352.99000000,64353.00000000,58.86620000,3790953.37423630,17530,26.46043000,1703975.12561630
BTCUSDT,1785899700000,1785900599999,64353.00000000,64356.00000000,64062.00000000,64062.22000000,232.68173000,14926798.10565450,35877,96.89457000,6212080.79510040
BTCUSDT,1785900600000,1785901499999,64062.22000000,64172.00000000,64046.00000000,64139.99000000,105.59104000,6770445.73784180,23801,61.11828000,3918586.33746560
BTCUSDT,1785901500000,1785902399999,64139.99000000,64188.72000000,64139.64000000,64183.27000000,48.59954000,3118491.94061180,14670,28.23670000,1811797.12436730
BTCUSDT,1785902400000,1785903299999,64183.27000000,64197.27000000,64128.00000000,64128.71000000,52.15926000,3345943.79639350,15585,16.40170000,1052120.75595190
BTCUSDT,1785903300000,1785904199999,64128.71000000,64200.00000000,64088.01000000,64159.99000000,57.35852000,3678955.13402730,12797,29.11725000,1867630.46609670
BTCUSDT,1785904200000,1785905099999,64159.99000000,64218.00000000,64158.00000000,64182.40000000,37.47972000,2405889.77167710,10479,25.20108000,1617659.21508340
BTCUSDT,1785905100000,1785905999999,64182.40000000,64191.40000000,64120.00000000,64176.70000000,37.21723000,2388129.66741060,8225,17.22161000,1105032.64029510
BTCUSDT,1785906000000,1785906899999,64176.69000000,64327.55000000,64163.36000000,64318.00000000,77.62950000,4990214.38623910,14267,35.80721000,2301246.51641670
BTCUSDT,1785906900000,1785907799999,64318.01000000,64525.97000000,64302.00000000,64433.12000000,104.32673000,6722211.31595210,22712,56.00900000,3608491.72972100
BTCUSDT,1785907800000,1785908699999,64433.13000000,64437.41000000,64341.56000000,64362.26000000,67.42507000,4340881.68022340,14151,29.88719000,1924165.90662230
BTCUSDT,1785908700000,1785909599999,64362.25000000,64373.33000000,64309.98000000,64330.87000000,230.99793000,14863695.28589830,17746,81.51417000,5244897.64896580
BTCUSDT,1785909600000,1785910499999,64330.86000000,64362.00000000,64305.54000000,64323.32000000,91.97270000,5916585.67610370,13133,65.18547000,4193289.89959710
BTCUSDT,1785910500000,1785911399999,64323.31000000,64344.00000000,64282.24000000,64309.60000000,171.29062000,11017940.83161480,15059,133.10152000,8561475.17911700
BTCUSDT,1785911400000,1785912299999,64309.59000000,64373.31000000,64295.88000000,64295.89000000,65.16156000,4192199.73084470,11253,44.30144000,2849983.62590080
BTCUSDT,1785912300000,1785913199999,64295.89000000,64295.89000000,64229.34000000,64253.58000000,68.15886000,4379671.91329150,10525,34.33013000,2205849.14826180
BTCUSDT,1785913200000,1785914099999,64253.59000000,64272.00000000,64166.88000000,64188.00000000,101.92440000,6545448.20788330,21947,60.95701000,3914352.50617050
BTCUSDT,1785914100000,1785914999999,64187.99000000,64187.99000000,64054.59000000,64073.94000000,104.09616000,6671502.38279260,17866,62.88233000,4029623.81338240
BTCUSDT,1785915000000,1785915899999,64073.95000000,64084.00000000,63995.89000000,64006.08000000,194.22457000,12440328.43460500,17520,86.81140000,5560923.26517190
BTCUSDT,1785915900000,1785916799999,64006.08000000,64164.00000000,64006.08000000,64163.99000000,176.76385000,11325648.76824160,17160,91.14506000,5839754.89521290
BTCUSDT,1785916800000,1785917699999,64164.00000000,64252.99000000,64138.01000000,64200.47000000,108.02200000,6934773.16564950,17552,48.40409000,3107421.54068620
BTCUSDT,1785917700000,1785918599999,64200.47000000,64270.01000000,64156.00000000,64268.01000000,62.01340000,3981243.51039740,15430,27.67824000,1776976.56463130
BTCUSDT,1785918600000,1785919499999,64268.01000000,64280.00000000,64129.75000000,64130.00000000,109.08651000,7004895.39633450,17511,46.58372000,2991040.33509000
BTCUSDT,1785919500000,1785920399999,64130.00000000,64164.02000000,64098.00000000,64120.81000000,56.16492000,3602107.87018350,12577,25.99833000,1667308.42747070
BTCUSDT,1785920400000,1785921299999,64120.81000000,64158.00000000,64102.95000000,64127.47000000,41.36361000,2652759.45087250,11450,18.17812000,1165770.21563030
BTCUSDT,1785921300000,1785922199999,64127.48000000,64190.37000000,64120.00000000,64156.00000000,57.24578000,3672899.55380560,14331,22.80475000,1463035.33862360
BTCUSDT,1785922200000,1785923099999,64156.00000000,64210.83000000,64155.99000000,64170.11000000,33.40014000,2143766.05635260,9054,13.90837000,892696.73040460
BTCUSDT,1785923100000,1785923999999,64170.11000000,64182.73000000,64150.00000000,64155.05000000,51.99156000,3336077.93603160,8688,23.90755000,1533981.07666260
BTCUSDT,1785924000000,1785924899999,64155.06000000,64190.77000000,64114.60000000,64149.62000000,110.82524000,7110520.22954390,19952,61.16912000,3924227.64827540
BTCUSDT,1785924900000,1785925799999,64149.61000000,64242.93000000,64080.77000000,64209.03000000,108.28452000,6945548.12395780,15869,35.42781000,2273024.50508820
BTCUSDT,1785925800000,1785926699999,64209.04000000,64238.43000000,64180.01000000,64195.28000000,59.90756000,3845874.51266070,12560,30.70606000,1971173.31077570
BTCUSDT,1785926700000,1785927599999,64195.28000000,64209.26000000,64020.00000000,64062.23000000,108.88689000,6979813.08494760,25321,44.64237000,2860812.65679930
BTCUSDT,1785927600000,1785928499999,64062.23000000,64116.64000000,64058.02000000,64089.33000000,71.24053000,4566130.55508460,18485,42.14694000,2701362.85509030
BTCUSDT,1785928500000,1785929399999,64089.33000000,64091.50000000,64044.50000000,64076.79000000,63.18126000,4047779.19564980,13029,30.11108000,1929060.77116730
BTCUSDT,1785929400000,1785930299999,64076.79000000,64150.00000000,64060.97000000,64100.78000000,81.03470000,5195129.37288340,14431,34.36940000,2203388.77444780
BTCUSDT,1785930300000,1785931199999,64100.78000000,64100.79000000,64058.00000000,64075.28000000,43.13168000,2763808.15981020,11951,18.90557000,1211328.41744000
BTCUSDT,1785931200000,1785932099999,64075.28000000,64233.53000000,64050.00000000,64206.00000000,177.88877000,11417697.95361790,23312,115.77441000,7430553.98331810
BTCUSDT,1785932100000,1785932999999,64205.99000000,64581.43000000,64190.00000000,64515.81000000,611.13765000,39392229.17629410,61803,387.59988000,24981858.01432860
BTCUSDT,1785933000000,1785933899999,64515.81000000,64547.99000000,64389.65000000,64472.01000000,147.36774000,9499546.50327580,26243,65.01089000,4190459.84519870
BTCUSDT,1785933900000,1785934799999,64472.00000000,64472.01000000,64330.00000000,64332.43000000,101.58020000,6540553.48555340,18978,34.15118000,2198861.68373040
BTCUSDT,1785934800000,1785935699999,64332.43000000,64342.00000000,64105.26000000,64141.99000000,167.11642000,10731126.69595760,34806,61.94991000,3976801.66634210
BTCUSDT,1785935700000,1785936599999,64142.00000000,64212.81000000,64115.45000000,64145.19000000,139.87907000,8975151.92842560,22157,74.71531000,4793918.72573490
BTCUSDT,1785936600000,1785937499999,64145.20000000,64294.00000000,63880.00000000,64176.00000000,391.84157000,25099293.08828870,91567,208.04206000,13325751.17175770
BTCUSDT,1785937500000,1785938399999,64176.00000000,64412.00000000,64036.00000000,64407.99000000,323.45616000,20780892.93686840,73822,183.06414000,11763303.48844400
BTCUSDT,1785938400000,1785939299999,64407.99000000,64529.99000000,64310.00000000,64472.56000000,360.52372000,23236694.09174200,78417,246.02019000,15857544.26005270
BTCUSDT,1785939300000,1785940199999,64472.55000000,64578.00000000,64319.31000000,64356.00000000,308.31207000,19877111.57929930,81507,171.21442000,11039798.96987090
BTCUSDT,1785940200000,1785941099999,64355.99000000,64464.00000000,64300.00000000,64429.13000000,214.12153000,13781718.67293290,71176,127.22991000,8189037.13748990
BTCUSDT,1785941100000,1785941999999,64429.12000000,64536.00000000,64319.16000000,64476.39000000,164.54977000,10601668.31705690,52623,86.11628000,5548780.86937110
BTCUSDT,1785942000000,1785942899999,64476.40000000,64744.00000000,64453.45000000,64628.00000000,329.72783000,21309250.29467190,65061,191.38524000,12366919.87390510
BTCUSDT,1785942900000,1785943799999,64628.00000000,64635.55000000,64440.55000000,64505.25000000,345.06085000,22263078.48641800,47143,110.87732000,7153423.11419600
BTCUSDT,1785943800000,1785944699999,64505.25000000,64721.00000000,64505.25000000,64557.12000000,182.41505000,11785349.02918300,37821,80.18859000,5181107.89360640
BTCUSDT,1785944700000,1785945599999,64557.13000000,64557.13000000,64385.49000000,64388.01000000,129.63501000,8355553.35328960,33916,53.60241000,3455123.56152660
BTCUSDT,1785945600000,1785946499999,64388.01000000,64613.98000000,64388.00000000,64613.98000000,101.05159000,6516541.23165310,37810,58.47088000,3770343.68157050
BTCUSDT,1785946500000,1785947399999,64613.99000000,64760.99000000,64570.80000000,64747.74000000,209.35454000,13540592.69036500,49471,119.18458000,7706864.87898280
BTCUSDT,1785947400000,1785948299999,64747.75000000,64758.83000000,64655.07000000,64687.73000000,139.00441000,8993108.32095720,37240,52.30661000,3384027.27356130
BTCUSDT,1785948300000,1785949199999,64687.72000000,64687.72000000,64619.79000000,64661.99000000,89.52386000,5787107.38903920,22424,35.72344000,2309232.56763990
BTCUSDT,1785949200000,1785950099999,64661.99000000,64696.93000000,64590.00000000,64590.21000000,69.78826000,4511064.25620410,24653,39.83646000,2574897.46897920
BTCUSDT,1785950100000,1785950999999,64590.21000000,64616.00000000,64541.71000000,64605.16000000,69.16739000,4467207.10157180,19776,29.75361000,1921513.10799050
BTCUSDT,1785951000000,1785951899999,64605.16000000,64749.99000000,64585.37000000,64698.00000000,147.09991000,9514530.21337560,33134,76.68085000,4959247.77436320
BTCUSDT,1785951900000,1785952799999,64698.00000000,64804.00000000,64676.99000000,64770.00000000,194.01988000,12564753.58311360,27920,105.74543000,6848195.79499800
BTCUSDT,1785952800000,1785953699999,64770.00000000,64807.97000000,64670.01000000,64800.31000000,167.29118000,10830759.30010750,35142,60.26204000,3901569.60757280
BTCUSDT,1785953700000,1785954599999,64800.31000000,64813.62000000,64680.12000000,64730.77000000,115.05075000,7448215.82483620,29992,57.30676000,3709642.66208720
BTCUSDT,1785954600000,1785955499999,64730.77000000,64804.19000000,64678.31000000,64804.18000000,108.36252000,7014894.74873160,21330,55.31580000,3581395.87564250
BTCUSDT,1785955500000,1785956399999,64804.18000000,64844.99000000,64760.01000000,64799.10000000,118.46781000,7676821.96875270,20161,72.55927000,4701828.89685920
BTCUSDT,1785956400000,1785957299999,64799.10000000,64917.17000000,64781.79000000,64885.50000000,162.59173000,10547790.61059600,23014,89.04697000,5776722.82276650
BTCUSDT,1785957300000,1785958199999,64885.51000000,64930.00000000,64868.00000000,64914.99000000,111.86507000,7260501.38513890,16791,71.09792000,4614461.64254690
BTCUSDT,1785958200000,1785959099999,64915.00000000,64925.27000000,64870.88000000,64898.01000000,67.31403000,4369279.18843280,16461,31.48536000,2043572.12762580
BTCUSDT,1785959100000,1785959999999,64898.01000000,64936.18000000,64838.52000000,64840.28000000,125.21596000,8125853.71545330,20481,57.23480000,3714082.97147740
BTCUSDT,1785960000000,1785960899999,64840.27000000,64921.97000000,64806.46000000,64921.97000000,108.44176000,7032187.09516280,23275,51.56005000,3343512.96381240
BTCUSDT,1785960900000,1785961799999,64921.96000000,65025.22000000,64873.26000000,64982.11000000,280.36552000,18215519.84477630,31188,204.08746000,13260312.23847670
BTCUSDT,1785961800000,1785962699999,64982.12000000,64991.88000000,64931.69000000,64975.76000000,64.30293000,4177568.45573810,10829,24.40794000,1585641.63613970
BTCUSDT,1785962700000,1785963599999,64975.77000000,64991.66000000,64822.89000000,64822.89000000,45.27879000,2938170.91441050,12792,9.31762000,604710.49580860
BTCUSDT,1785963600000,1785964499999,64822.88000000,64825.78000000,64702.57000000,64779.47000000,142.75622000,9244548.88567620,25660,47.02628000,3045197.50169590
BTCUSDT,1785964500000,1785965399999,64779.47000000,64782.00000000,64657.69000000,64665.92000000,158.49563000,10256230.79259540,15655,37.41600000,2421180.90439790
BTCUSDT,1785965400000,1785966299999,64665.92000000,64748.05000000,64665.92000000,64723.23000000,104.47948000,6760437.46416990,32748,49.26982000,3187776.95054140
BTCUSDT,1785966300000,1785967199999,64723.22000000,64763.77000000,64676.00000000,64733.13000000,61.64158000,3989685.57471270,17112,28.72386000,1858919.32517920
BTCUSDT,1785967200000,1785968099999,64733.13000000,64767.26000000,64648.01000000,64684.01000000,90.23379000,5838148.45730770,23025,36.31676000,2349412.95864470
BTCUSDT,1785968100000,1785968999999,64684.00000000,64730.00000000,64678.96000000,64729.99000000,56.48579000,3654756.17213620,12460,18.55177000,1200253.01190770
BTCUSDT,1785969000000,1785969899999,64730.00000000,64783.84000000,64684.00000000,64693.95000000,40.22085000,2603596.39715760,12930,15.52833000,1005053.96802740
BTCUSDT,1785969900000,1785970799999,64693.95000000,64716.00000000,64629.81000000,64636.00000000,84.13002000,5440714.63814390,14181,33.26022000,2150918.99132160
BTCUSDT,1785970800000,1785971699999,64636.00000000,64692.00000000,64579.15000000,64678.67000000,77.47985000,5007416.81027300,19322,41.25847000,2666607.85752860
BTCUSDT,1785971700000,1785972599999,64678.66000000,64749.99000000,64629.35000000,64699.55000000,120.99097000,7829556.98544400,13649,75.04650000,4856781.39826150
BTCUSDT,1785972600000,1785973499999,64699.56000000,64708.00000000,64665.12000000,64665.12000000,134.88154000,8725603.73823430,14650,36.95472000,2390610.85352030
BTCUSDT,1785973500000,1785974399999,64665.11000000,64680.01000000,64580.57000000,64665.23000000,227.64886000,14717911.29282110,14162,153.09048000,9897219.81339410
BTCUSDT,1785974400000,1785975299999,64665.24000000,64682.92000000,64598.72000000,64604.07000000,274.25057000,17723395.91889530,21561,82.41058000,5325402.40370000
BTCUSDT,1785975300000,1785976199999,64604.07000000,64711.06000000,64572.00000000,64686.79000000,101.52222000,6564000.11189940,16543,48.73985000,3151146.57514850
BTCUSDT,1785976200000,1785977099999,64686.80000000,64724.38000000,64645.71000000,64645.72000000,57.03308000,3689612.80980950,10491,25.46765000,1647607.88050340
BTCUSDT,1785977100000,1785977999999,64645.71000000,64695.02000000,64622.00000000,64644.99000000,44.18753000,2857108.92490010,10716,26.88315000,1738227.29911140
BTCUSDT,1785978000000,1785978899999,64644.92000000,64658.01000000,64582.55000000,64606.83000000,182.22434000,11777268.49980000,16464,124.35244000,8036999.40765710
BTCUSDT,1785978900000,1785979799999,64606.84000000,64609.29000000,64518.08000000,64518.08000000,48.32002000,3119690.51915690,14231,16.93559000,1093366.59601420
BTCUSDT,1785979800000,1785980699999,64518.09000000,64616.76000000,64498.00000000,64565.99000000,104.92236000,6773938.08759610,24026,39.46650000,2547642.36852090
BTCUSDT,1785980700000,1785981599999,64565.99000000,64659.65000000,64565.99000000,64580.07000000,58.47318000,3778122.55468700,11023,21.78043000,1407488.76003630
BTCUSDT,1785981600000,1785982499999,64580.08000000,64650.62000000,64533.03000000,64560.51000000,51.08683000,3299558.11120560,20759,23.98908000,1549356.32137600
BTCUSDT,1785982500000,1785983399999,64560.50000000,64585.20000000,64439.34000000,64527.82000000,150.89972000,9733520.53925190,27005,69.57903000,4487231.77512530
BTCUSDT,1785983400000,1785984299999,64527.81000000,64579.12000000,64482.14000000,64579.11000000,56.24245000,3629451.47436400,21284,26.59429000,1715941.89682590
BTCUSDT,1785984300000,1785985199999,64579.12000000,64598.00000000,64540.63000000,64579.36000000,174.02607000,11238017.10729580,10971,99.52633000,6426341.22718180
BTCUSDT,1785985200000,1785986099999,64579.36000000,64579.36000000,64519.08000000,64572.00000000,44.64841000,2882369.73511030,14675,22.42336000,1447462.85940650
BTCUSDT,1785986100000,1785986999999,64572.00000000,64572.00000000,64510.75000000,64541.73000000,44.91329000,2898337.72541210,8144,23.74358000,1532131.43138660
BTCUSDT,1785987000000,1785987899999,64541.74000000,64583.63000000,64505.13000000,64505.14000000,84.55406000,5457609.16122300,11234,20.70244000,1336174.95390290
BTCUSDT,1785987900000,1785988799999,64505.13000000,64543.27000000,64493.20000000,64531.03000000,23.87685000,1540497.89064370,7493,12.14871000,783756.37198300
BTCUSDT,1785988800000,1785989699999,64531.03000000,64590.55000000,64496.27000000,64582.61000000,54.14763000,3494667.56170770,16551,28.65547000,1849111.14102170
BTCUSDT,1785989700000,1785990599999,64582.60000000,64696.00000000,64582.60000000,64695.92000000,60.34897000,3901819.97323110,13894,30.10749000,1946412.39734870
BTCUSDT,1785990600000,1785991499999,64695.93000000,64730.00000000,64656.90000000,64660.00000000,127.90229000,8274801.46018330,14403,45.07208000,2915934.49935610
BTCUSDT,1785991500000,1785992399999,64659.99000000,64755.72000000,64634.41000000,64734.65000000,111.98346000,7247119.68054760,10878,92.91794000,6013891.13827950
BTCUSDT,1785992400000,1785993299999,64734.65000000,64996.00000000,64730.26000000,64913.88000000,162.85888000,10566276.74446390,35774,97.42240000,6320477.03139300
BTCUSDT,1785993300000,1785994199999,64913.88000000,64996.00000000,64887.01000000,64889.99000000,163.57503000,10626248.98847740,27049,103.63776000,6733337.99711620
BTCUSDT,1785994200000,1785995099999,64889.99000000,64916.79000000,64851.59000000,64902.54000000,123.11013000,7987585.18756680,27368,63.39177000,4112566.14903440
BTCUSDT,1785995100000,1785995999999,64902.54000000,64911.89000000,64860.08000000,64908.09000000,65.69423000,4262626.62495220,12518,26.17871000,1698417.52241670
BTCUSDT,1785996000000,1785996899999,64908.10000000,64908.10000000,64778.06000000,64781.19000000,73.59526000,4772457.54313740,14808,19.75772000,1281102.13396920
BTCUSDT,1785996900000,1785997799999,64781.20000000,64828.82000000,64745.69000000,64828.00000000,46.77756000,3030301.02356300,14132,22.73803000,1472969.13615050
BTCUSDT,1785997800000,1785998699999,64828.00000000,64858.11000000,64813.88000000,64837.99000000,49.67963000,3220969.54623540,13157,21.16943000,1372511.80740110
BTCUSDT,1785998700000,1785999599999,64838.00000000,64860.00000000,64809.43000000,64860.00000000,63.24136000,4100451.54774510,12867,38.97951000,2527338.35680630
BTCUSDT,1785999600000,1786000499999,64860.00000000,64945.72000000,64820.00000000,64945.71000000,103.27328000,6697984.27739310,14664,56.78341000,3683244.90887840
BTCUSDT,1786000500000,1786001399999,64945.71000000,64965.66000000,64894.01000000,64903.00000000,131.59617000,8544600.55487090,15422,47.05310000,3055064.08856380
BTCUSDT,1786001400000,1786002299999,64902.99000000,64903.00000000,64776.00000000,64815.99000000,223.54812000,14498056.78186290,16269,61.03203000,3957354.53516600
BTCUSDT,1786002300000,1786003199999,64815.99000000,64841.93000000,64785.99000000,64809.70000000,221.42325000,14352950.93752050,15005,63.54730000,4118822.38653430
BTCUSDT,1786003200000,1786004099999,64809.70000000,64854.00000000,64763.11000000,64772.00000000,89.98302000,5832306.51744300,15119,50.83321000,3294664.41676900
BTCUSDT,1786004100000,1786004999999,64772.00000000,64897.50000000,64760.00000000,64897.50000000,73.67527000,4775391.79050520,15501,51.05641000,3309389.58801000
BTCUSDT,1786005000000,1786005899999,64897.50000000,64922.79000000,64867.40000000,64884.39000000,73.91347000,4796162.69625160,10642,35.74155000,2319190.04252620
BTCUSDT,1786005900000,1786006799999,64884.39000000,64999.00000000,64881.34000000,64941.99000000,85.93392000,5581006.54646090,17344,45.75164000,2971336.31406710
BTCUSDT,1786006800000,1786007699999,64942.00000000,64944.00000000,64750.00000000,64769.72000000,156.25893000,10133827.34647970,21400,42.45037000,2752761.84176930
BTCUSDT,1786007700000,1786008599999,64769.72000000,64841.14000000,64722.12000000,64729.65000000,104.11581000,6745592.35226800,14864,35.05204000,2270909.09769850
BTCUSDT,1786008600000,1786009499999,64729.65000000,64729.66000000,64630.00000000,64667.22000000,79.81311000,5162368.69076900,20368,34.61531000,2238725.22137960
BTCUSDT,1786009500000,1786010399999,64667.21000000,64697.93000000,64637.99000000,64683.62000000,63.89600000,4132831.68890620,14349,39.18029000,2534112.61104120
BTCUSDT,1786010400000,1786011299999,64683.62000000,64683.62000000,64594.29000000,64602.01000000,68.53253000,4429336.70619820,20745,34.76490000,2246781.63101610
BTCUSDT,1786011300000,1786012199999,64602.01000000,64685.05000000,64581.21000000,64682.00000000,63.06464000,4077525.21802790,14208,36.11559000,2335204.13460570
BTCUSDT,1786012200000,1786013099999,64681.99000000,64682.00000000,64625.17000000,64625.18000000,41.13857000,2659962.68653440,10304,14.14292000,914428.92627220
BTCUSDT,1786013100000,1786013999999,64625.17000000,64648.79000000,64608.31000000,64615.95000000,35.14736000,2271424.86185510,9038,21.41959000,1384247.89131340
BTCUSDT,1786014000000,1786014899999,64615.95000000,64623.48000000,64503.54000000,64574.30000000,99.37410000,6414168.45759300,19366,48.41220000,3124672.44930180
BTCUSDT,1786014900000,1786015799999,64574.31000000,64642.29000000,64574.30000000,64584.11000000,76.14215000,4919927.37870630,13394,30.08582000,1943843.01389500
BTCUSDT,1786015800000,1786016699999,64584.11000000,64661.26000000,64584.11000000,64643.63000000,139.21690000,8998994.86814610,15769,90.43805000,5845931.27321330
BTCUSDT,1786016700000,1786017599999,64643.64000000,64646.00000000,64583.78000000,64622.09000000,57.40856000,3709610.40173200,11806,22.83094000,1475209.18275220
BTCUSDT,1786017600000,1786018499999,64622.08000000,64637.68000000,64471.04000000,64478.06000000,99.93987000,6448121.71508460,21066,37.75296000,2435688.95459870
BTCUSDT,1786018500000,1786019399999,64478.06000000,64545.55000000,64450.00000000,64545.55000000,48.84721000,3150411.83780830,13597,27.98544000,1805002.30708230
BTCUSDT,1786019400000,1786020299999,64545.54000000,64592.57000000,64506.55000000,64526.55000000,77.96978000,5032886.39441510,21878,41.32611000,2667475.88869020
BTCUSDT,1786020300000,1786021199999,64526.56000000,64534.91000000,64381.96000000,64424.00000000,109.70119000,7070287.08287850,20779,50.36084000,3245493.21368600
BTCUSDT,1786021200000,1786022099999,64424.01000000,64436.88000000,64205.72000000,64256.27000000,229.57359000,14758062.67632180,40003,97.89637000,6293417.97330900
BTCUSDT,1786022100000,1786022999999,64256.26000000,64298.00000000,64180.00000000,64243.78000000,235.46306000,15124801.16738280,30638,81.61666000,5242848.05421580
BTCUSDT,1786023000000,1786023899999,64243.78000000,64431.09000000,64172.00000000,64398.01000000,250.50277000,16102655.43760820,68696,153.23090000,9850170.40685280
BTCUSDT,1786023900000,1786024799999,64398.01000000,64524.21000000,64382.00000000,64434.01000000,154.65606000,9969322.68019940,55141,76.97378000,4961818.63850490
BTCUSDT,1786024800000,1786025699999,64434.01000000,64556.00000000,64380.42000000,64468.40000000,184.19974000,11876320.04718950,56659,93.03405000,5998395.56047680
BTCUSDT,1786025700000,1786026599999,64468.39000000,64580.00000000,64420.00000000,64429.70000000,159.66215000,10294355.28950920,48045,78.14796000,5038984.98987960
BTCUSDT,1786026600000,1786027499999,64429.70000000,64833.19000000,64362.00000000,64810.31000000,266.47661000,17219297.03864600,75031,176.46819000,11404570.00220480
BTCUSDT,1786027500000,1786028399999,64810.32000000,64850.00000000,64682.00000000,64778.00000000,170.78874000,11060669.64355770,59873,96.32248000,6238077.45807920
BTCUSDT,1786028400000,1786029299999,64778.01000000,64987.26000000,64764.00000000,64852.33000000,254.29940000,16498867.20884330,68393,164.64710000,10681413.82880720
BTCUSDT,1786029300000,1786030199999,64852.33000000,64894.00000000,64705.42000000,64826.00000000,220.03707000,14255382.38682180,59128,132.56120000,8588249.03926740
BTCUSDT,1786030200000,1786031099999,64826.00000000,64873.20000000,64708.00000000,64754.00000000,125.46135000,8128792.92020760,47240,70.04314000,4538053.76622150
BTCUSDT,1786031100000,1786031999999,64754.01000000,64868.83000000,64624.29000000,64631.87000000,173.03620000,11203806.46443370,55271,87.90501000,5691985.72158090
BTCUSDT,1786032000000,1786032899999,64631.88000000,64717.99000000,64600.00000000,64637.99000000,130.57440000,8443930.90821420,49517,76.56991000,4951703.60474690
BTCUSDT,1786032900000,1786033799999,64637.99000000,64685.57000000,64592.37000000,64654.57000000,88.15026000,5697428.34844790,37898,39.36831000,2544371.84315800
BTCUSDT,1786033800000,1786034699999,64654.57000000,64756.00000000,64618.93000000,64716.80000000,90.31986000,5842765.24184060,33724,41.65213000,2694254.45617270
BTCUSDT,1786034700000,1786035599999,64716.80000000,64778.00000000,64662.18000000,64757.99000000,61.27271000,3965656.05361570,25651,33.26857000,2153093.79047440
BTCUSDT,1786035600000,1786036499999,64758.00000000,64834.00000000,64721.74000000,64721.74000000,83.58668000,5414446.22472030,23871,30.98979000,2007573.49130560
BTCUSDT,1786036500000,1786037399999,64721.73000000,64742.39000000,64680.00000000,64688.45000000,57.93822000,3749178.24875760,17541,26.93522000,1742961.11770330
BTCUSDT,1786037400000,1786038299999,64688.45000000,64715.99000000,64548.81000000,64597.72000000,85.86863000,5549949.38736600,27564,31.94601000,2065158.67240280
BTCUSDT,1786038300000,1786039199999,64597.73000000,64649.07000000,64582.00000000,64621.69000000,66.35855000,4287837.25880050,16485,25.47411000,1645881.75765630
BTCUSDT,1786039200000,1786040099999,64621.68000000,64621.69000000,64472.16000000,64539.98000000,129.83496000,8376481.89083350,27403,38.29212000,2470772.32127220
BTCUSDT,1786040100000,1786040999999,64539.99000000,64594.00000000,64508.01000000,64518.01000000,79.39483000,5124774.07853920,19306,28.51387000,1840283.28642580
BTCUSDT,1786041000000,1786041899999,64518.01000000,64520.00000000,64412.85000000,64420.01000000,77.90087000,5021619.54728100,20320,22.34923000,1440578.49733730
BTCUSDT,1786041900000,1786042799999,64420.01000000,64449.05000000,64378.67000000,64418.47000000,60.16240000,3875306.87305300,18430,24.78157000,1596244.49922590
BTCUSDT,1786042800000,1786043699999,64418.48000000,64464.04000000,64418.14000000,64441.52000000,98.34038000,6337346.13953100,14371,56.36652000,3632328.74981710
BTCUSDT,1786043700000,1786044599999,64441.53000000,64459.79000000,64392.38000000,64405.39000000,152.92824000,9853261.31020110,19310,68.12069000,4389102.75982520
BTCUSDT,1786044600000,1786045499999,64405.39000000,64454.96000000,64365.00000000,64430.00000000,95.67013000,6162087.84299590,20928,45.94010000,2958864.23024540
BTCUSDT,1786045500000,1786046399999,64430.00000000,64474.71000000,64400.00000000,64446.00000000,102.65482000,6615489.86605740,16204,53.88579000,3472563.67926270
BTCUSDT,1786046400000,1786047299999,64446.01000000,64536.32000000,64446.00000000,64527.68000000,59.56733000,3842565.64362220,13202,35.14878000,2267175.27226520
BTCUSDT,1786047300000,1786048199999,64527.68000000,64527.68000000,64444.46000000,64483.99000000,48.75526000,3143824.63699290,12114,13.42064000,865306.97744410
BTCUSDT,1786048200000,1786049099999,64483.99000000,64488.26000000,64460.85000000,64461.51000000,51.96822000,3350555.46205060,11993,14.58299000,940158.22811900
BTCUSDT,1786049100000,1786049999999,64461.52000000,64476.61000000,64439.70000000,64439.70000000,35.18448000,2267928.95154920,7595,7.25497000,467624.16410020
BTCUSDT,1786050000000,1786050899999,64439.71000000,64499.29000000,64439.70000000,64486.00000000,73.94435000,4767403.53158630,13509,42.89323000,2765303.84045070
BTCUSDT,1786050900000,1786051799999,64486.00000000,64513.99000000,64450.00000000,64450.01000000,36.04861000,2324246.45454490,11326,15.03808000,969551.75569500
BTCUSDT,1786051800000,1786052699999,64450.00000000,64483.45000000,64404.74000000,64456.01000000,111.15515000,7163947.21041870,18256,51.53014000,3321081.94403330
BTCUSDT,1786052700000,1786053599999,64456.00000000,64480.00000000,64436.83000000,64440.74000000,28.58472000,1842338.58872040,10271,13.28931000,856522.25581150
BTCUSDT,1786053600000,1786054499999,64440.74000000,64450.00000000,64382.81000000,64435.61000000,71.16841000,4584526.95043590,14491,33.42188000,2152633.46101010
BTCUSDT,1786054500000,1786055399999,64435.62000000,64435.62000000,64330.40000000,64361.38000000,53.99480000,3475982.50292470,12261,20.41906000,1314246.32058470
BTCUSDT,1786055400000,1786056299999,64361.38000000,64386.00000000,64336.55000000,64336.55000000,47.57475000,3062090.48055770,11353,22.68192000,1459892.16319840
BTCUSDT,1786056300000,1786057199999,64336.56000000,64370.00000000,64336.56000000,64351.49000000,37.96871000,2443555.06958260,6976,14.96125000,962811.29426030
BTCUSDT,1786057200000,1786058099999,64351.48000000,64360.01000000,64332.21000000,64337.92000000,35.14941000,2261841.20152420,7608,13.19586000,849177.70571920
BTCUSDT,1786058100000,1786058999999,64337.93000000,64338.00000000,64224.57000000,64247.29000000,84.31453000,5419574.47927960,17199,18.30004000,1176026.04800340
BTCUSDT,1786059000000,1786059899999,64247.29000000,64251.70000000,64200.00000000,64221.98000000,197.24525000,12666785.19140000,9762,58.95085000,3785916.95126410
BTCUSDT,1786059900000,1786060799999,64221.98000000,64330.00000000,64200.00000000,64323.61000000,78.68756000,5056025.33776980,14478,44.25949000,2843664.45144760
BTCUSDT,1786060800000,1786061699999,64323.61000000,64410.00000000,64282.93000000,64290.00000000,82.17508000,5287768.10669330,19372,44.44425000,2859907.27128860
BTCUSDT,1786061700000,1786062599999,64290.00000000,64317.18000000,64230.59000000,64264.99000000,99.75581000,6411080.82905600,18743,40.62553000,2610867.03977950
BTCUSDT,1786062600000,1786063499999,64265.00000000,64337.56000000,64237.85000000,64253.50000000,47.94997000,3081973.19616890,14494,17.97777000,1155543.93740520
